time,sm,DOY,rolling_mean,sm_DOY,sm anomaly
2013-01-01 12:00:00,0.3821007,1,0.3821007013320923,0.3864723,-0.004371613264083862
2013-01-02 12:00:00,0.38554978,2,0.38382524251937866,0.40218058,-0.018355339765548706
2013-01-03 12:00:00,0.3949807,3,0.3875437279542287,0.3910916,-0.0035478572050730572
2013-01-04 12:00:00,0.4155133,4,0.3945361226797104,0.39495927,-0.0004231482744216919
2013-01-05 12:00:00,0.37533858,5,0.39069661498069763,0.3713293,0.019367307424545288
2013-01-06 12:00:00,0.3875407,6,0.3901706288258235,0.36444905,0.025721574823061644
2013-01-07 12:00:00,0.3935807,7,0.39065778255462646,0.41802442,-0.02736663818359375
2013-01-08 12:00:00,0.3969239,8,0.3914410471916199,0.4172373,-0.02579626441001892
2013-01-09 12:00:00,0.40607047,9,0.39306653870476616,0.4056448,-0.012578265534506916
2013-01-10 12:00:00,0.39080542,10,0.3928404271602631,0.38533783,0.007502597570419323
2013-01-11 12:00:00,0.44704646,11,0.3993350028991699,0.3886183,0.010716712474822976
2013-01-12 12:00:00,0.39754823,12,0.4005348473787308,0.37092325,0.0296115964651108
2013-01-13 12:00:00,0.39325562,13,0.40036233961582185,0.38340485,0.016957488656044017
2013-01-14 12:00:00,0.39725077,14,0.3985360860824585,0.38811454,0.010421544313430786
2013-01-15 12:00:00,0.40326652,15,0.40132887959480285,0.38860998,0.012718904018402089
2013-01-16 12:00:00,0.38863114,16,0.4014379233121872,0.38802296,0.013414964079856873
2013-01-17 12:00:00,0.40032977,17,0.40211282968521117,0.38275933,0.01935349702835082
2013-01-18 12:00:00,0.43558812,18,0.40597925186157224,0.3798885,0.026090747117996194
2013-01-19 12:00:00,0.4676473,19,0.41213693618774416,0.3720979,0.04003902673721316
2013-01-20 12:00:00,0.40829957,20,0.4138863503932953,0.4105781,0.003308248519897472
2013-01-21 12:00:00,0.48005882,21,0.4171875864267349,0.40732408,0.009863510727882385
2013-01-22 12:00:00,0.41658473,22,0.4190912365913391,0.40736237,0.011728864908218395
2013-01-23 12:00:00,0.43939495,23,0.4237051695585251,0.39973465,0.02397052347660067
2013-01-24 12:00:00,0.4328382,24,0.4272639125585556,0.39047927,0.036784645915031444
2013-01-25 12:00:00,0.4603978,25,0.4329770416021347,0.37558076,0.057396283745765664
2013-01-26 12:00:00,0.45061395,26,0.4391753226518631,0.4056438,0.03353153169155121
2013-01-27 12:00:00,0.4669442,27,0.4458367645740509,0.39556965,0.05026711225509645
2013-01-28 12:00:00,0.4182528,28,0.44410323202610014,0.37254143,0.07156180441379545
2013-01-29 12:00:00,0.39533108,29,0.4368716090917587,0.38716748,0.04970412552356718
2013-01-30 12:00:00,0.37464643,30,0.4335062950849533,0.40357998,0.02992631494998932
2013-01-31 12:00:00,0.4339558,31,0.42889599204063417,0.40741593,0.02148006558418275
2013-02-01 12:00:00,0.43219507,32,0.4304570257663727,0.41167966,0.01877737045288086
2013-02-02 12:00:00,0.43277514,33,0.4297950446605682,0.38835484,0.04144020676612853
2013-02-03 12:00:00,0.39883298,34,0.426394522190094,0.37754154,0.04885298013687134
2013-02-04 12:00:00,0.405235,35,0.4208782404661179,0.38968793,0.031190314888954185
2013-02-05 12:00:00,0.41314137,36,0.41713098287582395,0.3883758,0.028755193948745705
2013-02-06 12:00:00,0.39308792,37,0.4097453564405441,0.3859026,0.023842743039131142
2013-02-07 12:00:00,0.38078815,38,0.40599889159202573,0.3803881,0.02561078071594236
2013-02-08 12:00:00,0.36343142,39,0.4028089255094528,0.37012216,0.03268676102161405
2013-02-09 12:00:00,0.37966865,40,0.4033111482858658,0.39988688,0.0034242719411849976
2013-02-10 12:00:00,0.3406099,41,0.3939765602350235,0.3737662,0.020210346579551675
2013-02-11 12:00:00,0.36475414,42,0.3872324675321579,0.3907012,-0.003468737006187439
2013-02-12 12:00:00,0.38346252,43,0.38230120539665224,0.3791652,0.0031360030174255593
2013-02-13 12:00:00,0.3905385,44,0.3814717590808868,0.38245866,-0.000986897945404075
2013-02-14 12:00:00,0.3854369,45,0.3794919490814209,0.37128645,0.008205497264862083
2013-02-15 12:00:00,0.44046098,46,0.3822239100933075,0.3670705,0.015153414011001565
2013-02-16 12:00:00,0.35665417,47,0.3785805344581604,0.35659084,0.021989697217941306
2013-02-17 12:00:00,0.36492503,48,0.37699422240257263,0.35714054,0.019853681325912476
2013-02-18 12:00:00,0.38353017,49,0.37900409698486326,0.33947995,0.039524143934249856
2013-02-19 12:00:00,0.38407528,50,0.37944476008415223,0.33928862,0.04015613794326783
2013-02-20 12:00:00,0.47582355,51,0.39296612441539763,0.3627164,0.030249717831611622
2013-02-21 12:00:00,0.5107895,52,0.40756966173648834,0.34647006,0.06109960377216339
2013-02-22 12:00:00,0.40496552,53,0.40971996188163756,0.35201713,0.05770282745361327
2013-02-23 12:00:00,0.42163196,54,0.41282930672168733,0.3525628,0.06026652157306672
2013-02-24 12:00:00,0.38456917,55,0.4127425342798233,0.35007006,0.06267247498035433
2013-02-25 12:00:00,0.4071116,56,0.40940759479999544,0.3392118,0.07019580304622652
2013-02-26 12:00:00,0.3971566,57,0.4134578377008438,0.34654975,0.06690808832645417
2013-02-27 12:00:00,0.40118468,58,0.417083802819252,0.33415344,0.08293035924434661
2013-02-28 12:00:00,0.41291642,59,0.4200224280357361,0.3433372,0.07668522000312805
2013-03-01 12:00:00,0.44376117,60,0.425991016626358,0.3592928,0.06669821143150328
2013-03-02 12:00:00,0.4132971,61,0.41973837018013,0.35127714,0.06846122741699218
2013-03-03 12:00:00,0.42099807,62,0.41075922548770905,0.35577622,0.05498300492763519
2013-03-04 12:00:00,0.41670406,63,0.4119330793619156,0.3457021,0.06623096764087677
2013-03-05 12:00:00,0.38295844,64,0.408065727353096,0.3510044,0.057061335444450356
2013-03-06 12:00:00,0.46282804,65,0.41589161455631257,0.37957877,0.03631284534931184
2013-03-07 12:00:00,0.48057914,66,0.4232383698225021,0.3632566,0.05998176634311675
2013-03-08 12:00:00,0.47505724,67,0.4310284346342087,0.3625015,0.06852693259716036
2013-03-09 12:00:00,,68,0.4343444075849321,0.37195396,0.06239044335153365
2013-03-10 12:00:00,0.44555196,69,0.4379705786705017,0.36389956,0.0740710198879242
2013-03-11 12:00:00,0.4409614,70,0.43765949209531146,0.3726331,0.06502639253934223
2013-03-12 12:00:00,0.44511274,71,0.4411945641040802,0.38081348,0.06038108468055725
2013-03-13 12:00:00,0.42752352,72,0.44191961487134296,0.3562455,0.08567412694295246
2013-03-14 12:00:00,0.44444683,73,0.44500214523739284,0.33896935,0.10603279537624782
2013-03-15 12:00:00,0.41680473,74,0.4487628440062205,0.34914234,0.09962050120035809
2013-03-16 12:00:00,0.415897,75,0.4435482852988773,0.3434946,0.10005369120173985
2013-03-17 12:00:00,0.4598522,76,0.44124529096815324,0.34721887,0.09402641985151505
2013-03-18 12:00:00,0.44080868,77,0.4374398953384823,0.33943242,0.09800747699207729
2013-03-19 12:00:00,0.47438434,78,0.4411343395709991,0.3450849,0.09604943394660947
2013-03-20 12:00:00,0.42272648,79,0.4388517916202545,0.34169653,0.09715526103973388
2013-03-21 12:00:00,0.43349937,80,0.4381055891513824,0.33875456,0.09935102462768552
2013-03-22 12:00:00,0.3811516,81,0.43170947432518003,0.35492712,0.076782351732254
2013-03-23 12:00:00,,82,0.43217457996474373,0.36323926,0.068935321436988
2013-03-24 12:00:00,0.44636166,83,0.4323873387442695,0.36069483,0.07169251309500801
2013-03-25 12:00:00,0.48866248,84,0.4403715332349141,0.3709216,0.06944992144902545
2013-03-26 12:00:00,0.5100268,85,0.4508303999900818,0.3686362,0.08219420909881592
2013-03-27 12:00:00,0.47129086,86,0.45210136307610405,0.35829222,0.09380914105309379
2013-03-28 12:00:00,0.4889484,87,0.4574502209822337,0.37313136,0.08431885639826459
2013-03-29 12:00:00,0.46184266,88,0.45605670081244576,0.3549411,0.1011156009303199
2013-03-30 12:00:00,0.47969446,89,0.46238647566901314,0.35757586,0.10481061206923592
2013-03-31 12:00:00,0.49753705,90,0.4695017735163371,0.3558557,0.11364607016245526
2013-04-01 12:00:00,0.38331506,91,0.46974215904871625,0.3544805,0.11526165405909222
2013-04-02 12:00:00,0.45704338,92,0.4684722810983658,0.35583833,0.112633952498436
2013-04-03 12:00:00,0.4310598,93,0.4669420957565308,0.35406494,0.11287715435028078
2013-04-04 12:00:00,0.4788851,94,0.4659643590450287,0.35484082,0.11112354397773744
2013-04-05 12:00:00,0.4561911,95,0.46058078706264494,0.3541897,0.10639109313488004
2013-04-06 12:00:00,0.3782445,96,0.4512761503458023,0.37724918,0.07402696907520295
2013-04-07 12:00:00,0.4356245,97,0.4459437608718872,0.38376752,0.0621762454509735
2013-04-08 12:00:00,0.44208047,98,0.44396754205226896,0.37126312,0.07270442545413969
2013-04-09 12:00:00,0.44049507,99,0.4400476038455963,0.3731911,0.06685651540756227
2013-04-10 12:00:00,0.48242915,100,0.4385368138551712,0.39947268,0.039064130187034585
2013-04-11 12:00:00,0.40550914,101,0.44075622260570524,0.4066782,0.03407802283763883
2013-04-12 12:00:00,0.4523674,102,0.4402886241674423,0.37182865,0.06845997869968412
2013-04-13 12:00:00,0.44699046,103,0.44188168942928313,0.3634725,0.07840919792652129
2013-04-14 12:00:00,0.45026734,104,0.439019912481308,0.3785857,0.060434216260910056
2013-04-15 12:00:00,0.44533187,105,0.43793399035930636,0.37482834,0.06310565173625948
2013-04-16 12:00:00,0.45190388,106,0.44529992938041685,0.38340855,0.06189138293266294
2013-04-17 12:00:00,0.43233478,107,0.4449709564447403,0.36466676,0.08030419647693632
2013-04-18 12:00:00,0.40882972,108,0.4416458815336227,0.3620403,0.07960557043552396
2013-04-19 12:00:00,0.40584412,109,0.4381807863712311,0.3637924,0.07438839673995973
2013-04-20 12:00:00,0.41260338,110,0.43119820952415466,0.3489082,0.08229002356529236
2013-04-21 12:00:00,0.342621,111,0.42490939497947694,0.3273567,0.09755269885063172
2013-04-22 12:00:00,0.3838805,112,0.41806070506572723,0.370706,0.04735471308231354
2013-04-23 12:00:00,0.345975,113,0.4079591602087021,0.38126603,0.026693132519721996
2013-04-24 12:00:00,0.32341123,114,0.3952735483646393,0.37284434,0.02242920994758607
2013-04-25 12:00:00,0.34946826,115,0.3856871873140335,0.38106364,0.004623547196388245
2013-04-26 12:00:00,0.30829692,116,0.3713264912366867,0.373349,-0.0020225197076797485
2013-04-27 12:00:00,0.34419563,117,0.3625125765800476,0.36050975,0.0020028233528137096
2013-04-28 12:00:00,0.27733752,118,0.3493633568286896,0.34435433,0.00500902533531189
2013-04-29 12:00:00,0.24810684,119,0.3335896283388138,0.3453494,-0.011759772896766663
2013-04-30 12:00:00,0.32379854,120,0.3247091442346573,0.35340473,-0.028695586323738087
2013-05-01 12:00:00,0.35648265,121,0.3260953098535538,0.35873884,-0.03264352977275847
2013-05-02 12:00:00,0.36295414,122,0.32400267422199247,0.34515187,-0.02114919722080233
2013-05-03 12:00:00,0.32975495,123,0.32238066792488096,0.3272901,-0.004909420013427757
2013-05-04 12:00:00,0.31747228,124,0.3217867732048035,0.32367495,-0.0018881738185882457
2013-05-05 12:00:00,0.30813333,125,0.3176532804965973,0.34570587,-0.028052586317062367
2013-05-06 12:00:00,0.28666866,126,0.3154904544353485,0.32496586,-0.009475409984588623
2013-05-07 12:00:00,0.33220214,127,0.3142911046743393,0.33617115,-0.021880045533180237
2013-05-08 12:00:00,0.30571035,128,0.317128387093544,0.34259048,-0.02546209394931792
2013-05-09 12:00:00,0.3508084,129,0.327398544549942,0.3237114,0.0036871492862701194
2013-05-10 12:00:00,0.3283318,130,0.3278518706560135,0.33385935,-0.006007483601570107
2013-05-11 12:00:00,0.3637119,131,0.3285747945308685,0.3284437,0.0001310884952545055
2013-05-12 12:00:00,,132,0.32475486728880143,0.31607383,0.008681032392713783
2013-05-13 12:00:00,,133,0.3241298571228981,0.31999946,0.004130400717258453
2013-05-14 12:00:00,,134,0.32508093970162527,0.3217737,0.00330723183495657
2013-05-15 12:00:00,0.28993368,135,0.3224809893539974,0.30763957,0.014841420309884223
2013-05-16 12:00:00,0.25329253,136,0.31771297114236013,0.31382653,0.0038864399705614283
2013-05-17 12:00:00,0.3192532,137,0.3158631239618574,0.29337522,0.02248790008681162
2013-05-18 12:00:00,0.35898128,138,0.3234732576778957,0.29360393,0.029869330780846748
2013-05-19 12:00:00,0.27180102,139,0.3121864880834307,0.27909195,0.033094533852168484
2013-05-20 12:00:00,0.30018267,140,0.3081651840891157,0.27549893,0.03266625744955881
2013-05-21 12:00:00,0.2773698,141,0.29583059889929636,0.29265648,0.0031741176332746313
2013-05-22 12:00:00,0.24638239,142,0.2896495722234249,0.29045328,-0.0008037127554416656
2013-05-23 12:00:00,0.2960708,143,0.29036304354667664,0.28784874,0.0025143027305603027
2013-05-24 12:00:00,0.25254744,144,0.2865814834833145,0.29655153,-0.00997004210948943
2013-05-25 12:00:00,0.25039864,145,0.2826279789209366,0.28669652,-0.00406854450702665
2013-05-26 12:00:00,0.21853426,146,0.2791521519422531,0.2839278,-0.004775646328926075
2013-05-27 12:00:00,0.248734,147,0.272100231051445,0.2766432,-0.004542955756187461
2013-05-28 12:00:00,0.24091798,148,0.2602939009666443,0.26753294,-0.007239043712615967
2013-05-29 12:00:00,0.23310553,149,0.2564243510365486,0.28073576,-0.024311409890651725
2013-05-30 12:00:00,0.23238134,150,0.24964421838521958,0.282176,-0.0325317695736885
2013-05-31 12:00:00,0.19354329,151,0.24126156717538833,0.267062,-0.025800441205501567
2013-06-01 12:00:00,0.2279901,152,0.2394223392009735,0.26377013,-0.024347794055938732
2013-06-02 12:00:00,0.25387672,153,0.23520292937755585,0.26343393,-0.028231003880500788
2013-06-03 12:00:00,0.20414038,154,0.2303622230887413,0.24920358,-0.018841354548931127
2013-06-04 12:00:00,0.21328416,155,0.22665077596902847,0.2545854,-0.027934609353542333
2013-06-05 12:00:00,0.21878576,156,0.22667592614889145,0.23397146,-0.007295535504817957
2013-06-06 12:00:00,0.21345477,157,0.22314800322055817,0.24298702,-0.01983901858329773
2013-06-07 12:00:00,0.25673923,158,0.22473012804985046,0.25036046,-0.025630331039428716
2013-06-08 12:00:00,0.23437709,159,0.22485728412866593,0.2602583,-0.03540100306272506
2013-06-09 12:00:00,,160,0.22402127749390072,0.24395096,-0.01992968552642399
2013-06-10 12:00:00,0.23976256,161,0.22915675242741904,0.24201131,-0.01285455624262491
2013-06-11 12:00:00,0.2705611,162,0.2338868627945582,0.2494276,-0.015540738900502532
2013-06-12 12:00:00,0.30896908,163,0.24000823663340676,0.23929234,0.0007158981429206124
2013-06-13 12:00:00,0.23785883,164,0.24375473128424752,0.23142806,0.012326674328909992
2013-06-14 12:00:00,0.31241775,165,0.25476957360903424,0.25370026,0.0010693172613779889
2013-06-15 12:00:00,0.18873644,166,0.25143075982729596,0.23918368,0.01224708060423535
2013-06-16 12:00:00,0.2954405,167,0.26054028504424626,0.24561907,0.014921211534076273
2013-06-17 12:00:00,0.15642162,168,0.2493938836786482,0.21150397,0.037889916035864085
2013-06-18 12:00:00,0.18726929,169,0.24415968358516693,0.20218836,0.04197132587432861
2013-06-19 12:00:00,0.16791862,170,0.23653557747602463,0.21059585,0.025939731299877172
2013-06-20 12:00:00,0.13754585,171,0.22631390690803527,0.21002267,0.016291233897209156
2013-06-21 12:00:00,0.15367119,172,0.21462491601705552,0.2092912,0.0053337112069130055
2013-06-22 12:00:00,0.15163656,173,0.19889166355133056,0.21171898,-0.012827312946319586
2013-06-23 12:00:00,0.15304524,174,0.19041030406951903,0.20073542,-0.01032511591911317
2013-06-24 12:00:00,0.118927605,175,0.17106129005551338,0.19126664,-0.020205350965261465
2013-06-25 12:00:00,,176,0.16909738464487922,0.20946647,-0.04036908762322533
2013-06-26 12:00:00,0.15001269,177,0.15293873929315144,0.19503342,-0.04209467685884899
2013-06-27 12:00:00,0.14395167,178,0.15155318958891761,0.17403437,-0.02248118238316643
2013-06-28 12:00:00,0.14256291,179,0.14658581465482712,0.175508,-0.028922192752361298
2013-06-29 12:00:00,0.15040681,180,0.14464005745119518,0.17673033,-0.032090277307563364
2013-06-30 12:00:00,0.17001583,181,0.1482478322254287,0.17583379,-0.027585959268940807
2013-07-01 12:00:00,0.18724298,182,0.1519780316286617,0.1712311,-0.019253074294990957
2013-07-02 12:00:00,0.16376708,183,0.15332586814959845,0.17107482,-0.017748954395453126
2013-07-03 12:00:00,0.15341318,184,0.15336675031317604,0.18684325,-0.03347649590836632
2013-07-04 12:00:00,0.18784995,185,0.16102478901545206,0.16736437,-0.006339584787686675
2013-07-05 12:00:00,0.18306816,186,0.1632291257381439,0.16400291,-0.0007737845182418934
2013-07-06 12:00:00,0.15407655,187,0.16363551169633866,0.15672751,0.0069080039858818165
2013-07-07 12:00:00,0.19545038,188,0.1687853828072548,0.16125287,0.007532511651515972
2013-07-08 12:00:00,0.15979454,189,0.17050854563713075,0.17356035,-0.003051805496215809
2013-07-09 12:00:00,0.13576104,190,0.1690439686179161,0.16408993,0.0049540355801582225
2013-07-10 12:00:00,0.121447936,191,0.16418717950582504,0.16080992,0.003377260267734522
2013-07-11 12:00:00,0.108045064,192,0.15626738741993904,0.15201591,0.004251477867364878
2013-07-12 12:00:00,0.11806037,193,0.15169671624898912,0.14798099,0.003715728223323833
2013-07-13 12:00:00,0.12954707,194,0.14931010603904724,0.15456857,-0.005258461833000189
2013-07-14 12:00:00,0.14905395,195,0.14543050527572632,0.14901066,-0.003580152988433838
2013-07-15 12:00:00,0.1630818,196,0.14343186914920808,0.15113707,-0.007705199718475331
2013-07-16 12:00:00,0.13463883,197,0.14148809760808945,0.14793977,-0.0064516738057136536
2013-07-17 12:00:00,0.15711498,198,0.13765455782413483,0.15029368,-0.012639120221138
2013-07-18 12:00:00,0.13974161,199,0.13564926534891128,0.14713536,-0.011486096680164343
2013-07-19 12:00:00,0.13437901,200,0.13551106303930283,0.14855132,-0.013040252029895782
2013-07-20 12:00:00,0.108684905,201,0.13423475995659828,0.13800348,-0.0037687234580516815
2013-07-21 12:00:00,0.11900299,202,0.13533055260777474,0.14030196,-0.004971405118703837
2013-07-22 12:00:00,0.110645264,203,0.13458904176950454,0.14557737,-0.010988329350948345
2013-07-23 12:00:00,0.11572657,204,0.13320699110627174,0.14173962,-0.00853263065218926
2013-07-24 12:00:00,0.126924,205,0.13099399581551552,0.13674207,-0.005748074501752853
2013-07-25 12:00:00,0.1375986,206,0.1284456767141819,0.13692208,-0.008476399630308162
2013-07-26 12:00:00,0.12297185,207,0.12727897837758065,0.15447336,-0.027194385975599283
2013-07-27 12:00:00,,208,0.12396386679675844,0.13872933,-0.014765467080805034
2013-07-28 12:00:00,0.105446346,209,0.12015328142378065,0.14153592,-0.02138264146116045
2013-07-29 12:00:00,0.11948292,210,0.11849815977944268,0.14378485,-0.025286691056357488
2013-07-30 12:00:00,0.13893421,211,0.12185919367604786,0.13714087,-0.015281676418251455
2013-07-31 12:00:00,0.12081898,212,0.12206097029977375,0.13496916,-0.012908189660973013
2013-08-01 12:00:00,0.13667856,213,0.1249535588754548,0.1300208,-0.005067238377200231
2013-08-02 12:00:00,0.18806988,214,0.13299170467588636,0.14151715,-0.00852544274595049
2013-08-03 12:00:00,0.13090621,215,0.13343417313363817,0.12886053,0.004573639896180898
2013-08-04 12:00:00,0.09804265,216,0.12903906736108992,0.13507284,-0.006033774879243642
2013-08-05 12:00:00,0.06760075,217,0.12288672311438455,0.12868367,-0.005796948240862951
2013-08-06 12:00:00,0.12237844,218,0.12283589467406272,0.12760268,-0.00476678684353829
2013-08-07 12:00:00,0.13351558,219,0.12564281821250917,0.13374633,-0.008103507757186879
2013-08-08 12:00:00,0.079160765,220,0.12161060273647309,0.12899292,-0.007382312417030329
2013-08-09 12:00:00,0.120434515,221,0.11976063326001167,0.13119048,-0.011429845541715625
2013-08-10 12:00:00,0.113752365,222,0.11905397176742553,0.12736617,-0.008312198519706729
2013-08-11 12:00:00,0.1187835,223,0.11726446524262428,0.13025206,-0.012987598031759265
2013-08-12 12:00:00,,224,0.10939719693528281,0.12690082,-0.017503624988926783
2013-08-13 12:00:00,0.13302368,225,0.10963247136937247,0.12629405,-0.016661575271023646
2013-08-14 12:00:00,0.1371378,226,0.11397637675205867,0.12029237,-0.0063159962495168
2013-08-15 12:00:00,0.13685231,227,0.12167099449369642,0.11773699,0.003934006724092692
2013-08-16 12:00:00,0.13750798,228,0.12335205409261915,0.12634286,-0.002990808751848012
2013-08-17 12:00:00,0.1269578,229,0.12262341214550866,0.1207577,0.001865713132752314
2013-08-18 12:00:00,0.12848336,230,0.1281036999490526,0.12799847,0.00010522868898180104
2013-08-19 12:00:00,0.1295252,231,0.12911377598841986,0.122881286,0.006232490142186492
2013-08-20 12:00:00,0.15057631,232,0.1332053252392345,0.12962584,0.0035794832640224095
2013-08-21 12:00:00,0.12489308,233,0.13388416750563514,0.12610762,0.007776549292935253
2013-08-22 12:00:00,0.09425825,234,0.1299215756356716,0.13803422,-0.008112648874521261
2013-08-23 12:00:00,0.15436354,235,0.13205556198954582,0.1377682,-0.005712632089853287
2013-08-24 12:00:00,0.12962595,236,0.13130437657237054,0.14141513,-0.010110757499933232
2013-08-25 12:00:00,0.11831409,237,0.12945055440068245,0.12603457,0.003415981680154806
2013-08-26 12:00:00,0.12885913,238,0.12858567014336586,0.14522703,-0.01664135977625847
2013-08-27 12:00:00,0.123206705,239,0.1282105602324009,0.14944483,-0.02123427316546439
2013-08-28 12:00:00,,240,0.12818024969763225,0.15051888,-0.022338629596763193
2013-08-29 12:00:00,0.095346764,241,0.12438264571958119,0.1517701,-0.02738745427793926
2013-08-30 12:00:00,0.083360694,242,0.1169142441617118,0.14100519,-0.024090944064988032
2013-08-31 12:00:00,0.1325086,243,0.11776041405068503,0.15705961,-0.0392991958392991
2013-09-01 12:00:00,0.10976722,244,0.1194836331738366,0.1348131,-0.015329466925726995
2013-09-02 12:00:00,0.11277671,245,0.11486287415027618,0.141397,-0.026534125208854675
2013-09-03 12:00:00,0.09591636,246,0.1111173646317588,0.157315,-0.04619763625992669
2013-09-04 12:00:00,0.012449608,247,0.0993546447199252,0.14278199,-0.043427343066367835
2013-09-05 12:00:00,0.11728302,248,0.0980684095993638,0.15626027,-0.05819185730069876
2013-09-06 12:00:00,0.11471265,249,0.09712462551477882,0.1519004,-0.05477577023622063
2013-09-07 12:00:00,0.13658565,250,0.1010707282461226,0.16519362,-0.06412288909778
2013-09-08 12:00:00,0.13643411,251,0.10517946267500519,0.1652146,-0.06003513550385833
2013-09-09 12:00:00,0.102438234,252,0.10708721661940217,0.17137599,-0.06428877329453826
2013-09-10 12:00:00,0.15556395,253,0.10939275110140442,0.16883884,-0.059446092601865536
2013-09-11 12:00:00,0.12927306,254,0.11134333470836281,0.16686703,-0.05552369793877006
2013-09-12 12:00:00,0.101314366,255,0.11019710013642907,0.1676229,-0.05742579391226173
2013-09-13 12:00:00,,256,0.11178384897195631,0.18125947,-0.06947561922586626
2013-09-14 12:00:00,0.08322976,257,0.11964831004540126,0.1945393,-0.07489098360141118
2013-09-15 12:00:00,0.12744853,258,0.1207778114411566,0.21420695,-0.09342913743522432
2013-09-16 12:00:00,0.1321705,259,0.12271757258309259,0.23211169,-0.10939411984549628
2013-09-17 12:00:00,0.1110262,260,0.11987763312127855,0.22762647,-0.10774883959028456
2013-09-18 12:00:00,0.11588198,261,0.11759406328201294,0.23051277,-0.11291870474815369
2013-09-19 12:00:00,0.10478531,262,0.11785484933190876,0.22309914,-0.10524429298109478
2013-09-20 12:00:00,0.11510035,263,0.11335889332824284,0.22335371,-0.1099948204225964
2013-09-21 12:00:00,0.10710775,264,0.11089608156018788,0.22350381,-0.11260773158735699
2013-09-22 12:00:00,0.113233365,265,0.11222041481071049,0.22417666,-0.11195624536938137
2013-09-23 12:00:00,0.10799102,266,0.11179747506976127,0.22469865,-0.11290117278695107
2013-09-24 12:00:00,0.16198437,267,0.11967293620109558,0.23496915,-0.11529621779918671
2013-09-25 12:00:00,0.1361199,268,0.12054007351398469,0.22326708,-0.10272700488567352
2013-09-26 12:00:00,0.13811156,269,0.12113417983055115,0.21399032,-0.09285613596439361
2013-09-27 12:00:00,,270,0.12225728895929125,0.21629143,-0.09403413865301344
2013-09-28 12:00:00,,271,0.12305420264601707,0.22335252,-0.10029831901192665
2013-09-29 12:00:00,,272,0.12566404470375606,0.21668711,-0.09102306834289006
2013-09-30 12:00:00,,273,0.1274246610701084,0.21051738,-0.08309271559119225
2013-10-01 12:00:00,0.40256363,274,0.1766673078139623,0.22752136,-0.0508540521065394
2013-10-02 12:00:00,0.44294843,275,0.2316198187569777,0.21836643,0.01325338954726854
2013-10-03 12:00:00,0.39086038,276,0.278764712313811,0.22464703,0.05411768207947415
2013-10-04 12:00:00,0.37869933,277,0.31488387286663055,0.21582069,0.09906318783760071
2013-10-05 12:00:00,0.3797306,278,0.3554856578509013,0.2310855,0.12440016369024914
2013-10-06 12:00:00,0.33768862,279,0.3887485017379125,0.22444333,0.16430517037709552
2013-10-07 12:00:00,0.3515001,280,0.383427300623485,0.21573085,0.16769645469529287
2013-10-08 12:00:00,0.31944162,281,0.37542909011244774,0.21373194,0.1616971455514431
2013-10-09 12:00:00,0.31077194,282,0.368244962559806,0.21444227,0.15380269454585183
2013-10-10 12:00:00,0.2784845,283,0.35926891565322877,0.20218302,0.15708589255809785
2013-10-11 12:00:00,0.29139176,284,0.34815172851085663,0.23270407,0.11544765532016754
2013-10-12 12:00:00,0.26853955,285,0.33071084022521974,0.22070266,0.11000817716121675
2013-10-13 12:00:00,0.2208968,286,0.31371448189020157,0.21077365,0.10294083505868912
2013-10-14 12:00:00,0.24520303,287,0.3003648519515991,0.24977106,0.050593793392181396
2013-10-15 12:00:00,0.22505544,288,0.2848973348736763,0.26918527,0.015712060034275055
2013-10-16 12:00:00,0.3108869,289,0.2822171613574028,0.270501,0.011716173589229606
2013-10-17 12:00:00,0.26637587,290,0.2737047389149666,0.28497446,-0.011269716918468453
2013-10-18 12:00:00,0.30322012,291,0.2720825895667076,0.31070825,-0.03862566500902176
2013-10-19 12:00:00,0.28132245,292,0.2691376402974129,0.30353272,-0.0343950793147087
2013-10-20 12:00:00,0.26314002,293,0.2676031932234764,0.33082974,-0.06322654634714125
2013-10-21 12:00:00,0.30139816,294,0.26860383301973345,0.33849204,-0.06988820284605024
2013-10-22 12:00:00,0.3248119,295,0.27423106878995895,0.3311898,-0.05695874243974686
2013-10-23 12:00:00,0.43530482,296,0.295671871304512,0.3397465,-0.04407463371753695
2013-10-24 12:00:00,0.3844731,297,0.30959887653589246,0.34023115,-0.030632273852825187
2013-10-25 12:00:00,0.38720435,298,0.3258137673139572,0.3398163,-0.014002534747123707
2013-10-26 12:00:00,0.38579953,299,0.3333050310611725,0.3385588,-0.0052537620067596436
2013-10-27 12:00:00,0.4096936,300,0.34763680398464203,0.3363659,0.011270895600318909
2013-10-28 12:00:00,0.38903385,301,0.3562181770801544,0.3254307,0.03078748583793639
2013-10-29 12:00:00,0.372807,302,0.36536663174629214,0.35444885,0.010917776823043845
2013-10-30 12:00:00,0.35893926,303,0.3749465554952621,0.34866098,0.02628557980060575
2013-10-31 12:00:00,0.36903024,304,0.38170976340770724,0.37075877,0.010950991511344932
2013-11-01 12:00:00,0.3500766,305,0.3842362314462662,0.35243005,0.031806185841560364
2013-11-02 12:00:00,0.40257618,306,0.38096336722373964,0.3528227,0.02814067602157594
2013-11-03 12:00:00,0.40615568,307,0.38313162624835967,0.3758835,0.0072481364011764415
2013-11-04 12:00:00,0.37878186,308,0.38228937685489656,0.36182922,0.020460155606269848
2013-11-05 12:00:00,0.413143,309,0.3850237250328064,0.36367443,0.021349292993545543
2013-11-06 12:00:00,0.34252626,310,0.3783069908618927,0.35966298,0.018644011020660378
2013-11-07 12:00:00,0.34858623,311,0.3742622286081314,0.36376706,0.010495170950889587
2013-11-08 12:00:00,0.40971196,312,0.3779527246952057,0.3771041,0.000848621129989624
2013-11-09 12:00:00,0.3755684,313,0.37961563766002654,0.38398263,-0.004366990923881542
2013-11-10 12:00:00,0.33228603,314,0.3759412169456482,0.35275054,0.023190677165985107
2013-11-11 12:00:00,0.34453642,315,0.3753872007131577,0.36016223,0.015224972367286704
2013-11-12 12:00:00,0.3765023,316,0.37277981340885163,0.3595915,0.013188299536705028
2013-11-13 12:00:00,0.36774936,317,0.36893918216228483,0.3596434,0.009295782446861245
2013-11-14 12:00:00,0.3540483,318,0.3664658278226852,0.35756534,0.008900484442710854
2013-11-15 12:00:00,0.3141853,319,0.35657005608081815,0.35579035,0.000779709219932534
2013-11-16 12:00:00,0.30524775,320,0.3528422057628632,0.35293368,-9.146928787229225e-05
2013-11-17 12:00:00,,321,0.3533150917953915,0.35801497,-0.004699879222446024
2013-11-18 12:00:00,0.30444342,322,0.3416185875733693,0.33542517,0.006193419297536196
2013-11-19 12:00:00,,323,0.33737486228346825,0.3313061,0.006068762391805649
2013-11-20 12:00:00,,324,0.33810183831623625,0.34407833,-0.005976493869508992
2013-11-21 12:00:00,,325,0.33702940742174786,0.35562962,-0.018600215514500917
2013-11-22 12:00:00,,326,0.3291348278522491,0.36348972,-0.034354889392852805
2013-11-23 12:00:00,,327,0.3194811940193176,0.3509741,-0.031492918729782104
2013-11-24 12:00:00,,328,0.30795882145563763,0.36400625,-0.05604742964108783
2013-11-25 12:00:00,,329,0.30484558641910553,0.36372176,-0.058876171708106995
2013-11-26 12:00:00,,330,0.3044434189796448,0.36978522,-0.06534180045127869
2013-11-27 12:00:00,,331,0.3044434189796448,0.3540092,-0.049565792083740234
2013-11-28 12:00:00,,332,,0.3752758,
2013-11-29 12:00:00,,333,,0.37872198,
2013-11-30 12:00:00,,334,,0.36825508,
2013-12-01 12:00:00,,335,,0.4031116,
2013-12-02 12:00:00,,336,,0.38178217,
2013-12-03 12:00:00,,337,,0.35388464,
2013-12-04 12:00:00,,338,,0.386739,
2013-12-05 12:00:00,,339,,0.37170398,
2013-12-06 12:00:00,,340,,0.38722318,
2013-12-07 12:00:00,0.26024413,341,0.26024413108825684,0.3632648,-0.10302066802978516
2013-12-08 12:00:00,,342,0.26024413108825684,0.36811972,-0.10787558555603027
2013-12-09 12:00:00,,343,0.26024413108825684,0.37827137,-0.11802724003791809
2013-12-10 12:00:00,,344,0.26024413108825684,0.36332893,-0.10308480262756348
2013-12-11 12:00:00,,345,0.26024413108825684,0.39113528,-0.13089114427566528
2013-12-12 12:00:00,,346,0.26024413108825684,0.3816224,-0.12137827277183533
2013-12-13 12:00:00,,347,0.26024413108825684,0.39665878,-0.13641464710235596
2013-12-14 12:00:00,,348,0.26024413108825684,0.36300632,-0.10276219248771667
2013-12-15 12:00:00,,349,0.26024413108825684,0.39022985,-0.1299857199192047
2013-12-16 12:00:00,,350,0.26024413108825684,0.37832853,-0.11808440089225769
2013-12-17 12:00:00,,351,,0.387156,
2013-12-18 12:00:00,,352,,0.3737697,
2013-12-19 12:00:00,,353,,0.3839858,
2013-12-20 12:00:00,,354,,0.4497578,
2013-12-21 12:00:00,,355,,0.4269549,
2013-12-22 12:00:00,,356,,0.42391795,
2013-12-23 12:00:00,,357,,0.40459636,
2013-12-24 12:00:00,0.4568084,358,0.4568083882331848,0.41222954,0.04457885026931763
2013-12-25 12:00:00,,359,0.4568083882331848,0.42910507,0.027703315019607544
2013-12-26 12:00:00,,360,0.4568083882331848,0.40299073,0.05381765961647034
2013-12-27 12:00:00,0.48116222,361,0.46898530423641205,0.40802148,0.06096382439136505
2013-12-28 12:00:00,,362,0.46898530423641205,0.3838836,0.08510170876979828
2013-12-29 12:00:00,,363,0.46898530423641205,0.39591962,0.07306568324565887
2013-12-30 12:00:00,,364,0.46898530423641205,0.39280036,0.076184943318367
2013-12-31 12:00:00,,365,0.46898530423641205,0.38301083,0.08597446978092194
2014-01-01 12:00:00,,1,0.46898530423641205,0.3864723,0.0825129896402359
2014-01-02 12:00:00,0.50178117,2,0.4799172580242157,0.40218058,0.07773667573928833
2014-01-03 12:00:00,0.47755933,3,0.4868342379728953,0.3910916,0.09574265281359357
2014-01-04 12:00:00,0.39110455,4,0.4629018157720566,0.39495927,0.0679425448179245
2014-01-05 12:00:00,0.41753492,5,0.45382843613624574,0.3713293,0.0824991285800934
2014-01-06 12:00:00,,6,0.44699499011039734,0.36444905,0.0825459361076355
2014-01-07 12:00:00,0.49766886,7,0.45712976455688475,0.41802442,0.03910534381866454
2014-01-08 12:00:00,0.49246883,8,0.46301960945129395,0.4172373,0.04578229784965515
2014-01-09 12:00:00,,9,0.46301960945129395,0.4056448,0.057374805212020874
2014-01-10 12:00:00,,10,0.46301960945129395,0.38533783,0.0776817798614502
2014-01-11 12:00:00,,11,0.46301960945129395,0.3886183,0.07440131902694702
2014-01-12 12:00:00,,12,0.4552672982215881,0.37092325,0.08434404730796813
2014-01-13 12:00:00,0.4235405,13,0.4444635331630707,0.38340485,0.06105868220329286
2014-01-14 12:00:00,0.45737264,14,0.4577171504497528,0.38811454,0.0696026086807251
2014-01-15 12:00:00,,15,0.46776270866394043,0.38860998,0.07915273308753967
2014-01-16 12:00:00,0.4389395,16,0.46199806928634646,0.38802296,0.07397511005401614
2014-01-17 12:00:00,,17,0.4530803710222244,0.38275933,0.07032103836536407
2014-01-18 12:00:00,,18,0.4399508833885193,0.3798885,0.06006237864494324
2014-01-19 12:00:00,,19,0.4399508833885193,0.3720979,0.06785297393798828
2014-01-20 12:00:00,,20,0.4399508833885193,0.4105781,0.02937278151512146
2014-01-21 12:00:00,,21,0.4399508833885193,0.40732408,0.03262680768966675
2014-01-22 12:00:00,,22,0.4399508833885193,0.40736237,0.03258851170539856
2014-01-23 12:00:00,,23,0.44815607368946075,0.39973465,0.048421427607536316
2014-01-24 12:00:00,,24,0.43893951177597046,0.39047927,0.04846024513244629
2014-01-25 12:00:00,0.4285463,25,0.4337429106235504,0.37558076,0.058162152767181396
2014-01-26 12:00:00,0.43410507,26,0.43132568895816803,0.4056438,0.02568189799785614
2014-01-27 12:00:00,0.39982617,27,0.42082584897677106,0.39556965,0.025256196657816588
2014-01-28 12:00:00,,28,0.42082584897677106,0.37254143,0.04828442136446637
2014-01-29 12:00:00,,29,0.42082584897677106,0.38716748,0.03365836540857953
2014-01-30 12:00:00,,30,0.42082584897677106,0.40357998,0.017245868841807066
2014-01-31 12:00:00,,31,0.42082584897677106,0.40741593,0.01340992252031964
2014-02-01 12:00:00,0.48405826,32,0.43663395196199417,0.41167966,0.02495429664850235
2014-02-02 12:00:00,,33,0.43663395196199417,0.38835484,0.048279114067554474
2014-02-03 12:00:00,,34,0.43663395196199417,0.37754154,0.059092409908771515
2014-02-04 12:00:00,0.39782834,35,0.42895445972681046,0.38968793,0.03926653414964676
2014-02-05 12:00:00,,36,0.427237590154012,0.3883758,0.03886180122693378
2014-02-06 12:00:00,,37,0.44094330072402954,0.3859026,0.05504068732261658
2014-02-07 12:00:00,,38,0.44094330072402954,0.3803881,0.06055518984794617
2014-02-08 12:00:00,,39,0.44094330072402954,0.37012216,0.0708211362361908
2014-02-09 12:00:00,0.46827334,40,0.4500533143679301,0.39988688,0.05016643802324933
2014-02-10 12:00:00,,41,0.4500533143679301,0.3737662,0.07628710071245831
2014-02-11 12:00:00,,42,0.43305084109306335,0.3907012,0.04234963655471802
2014-02-12 12:00:00,0.4367061,43,0.434269259373347,0.3791652,0.0551040569941203
2014-02-13 12:00:00,,44,0.434269259373347,0.38245866,0.05181060234705609
2014-02-14 12:00:00,0.4880566,45,0.46434534589449566,0.37128645,0.09305889407793683
2014-02-15 12:00:00,,46,0.46434534589449566,0.3670705,0.09727484981218976
2014-02-16 12:00:00,,47,0.46434534589449566,0.35659084,0.10775450865427655
2014-02-17 12:00:00,,48,0.46434534589449566,0.35714054,0.10720480481783551
2014-02-18 12:00:00,,49,0.46434534589449566,0.33947995,0.12486539284388226
2014-02-19 12:00:00,,50,0.46238134801387787,0.33928862,0.12309272587299347
2014-02-20 12:00:00,0.43467045,51,0.4531443814436595,0.3627164,0.09042797485987347
2014-02-21 12:00:00,,52,0.4531443814436595,0.34647006,0.10667432347933453
2014-02-22 12:00:00,,53,0.4613635241985321,0.35201713,0.10934638977050781
2014-02-23 12:00:00,,54,0.4613635241985321,0.3525628,0.1088007390499115
2014-02-24 12:00:00,0.43228692,55,0.4334786832332611,0.35007006,0.08340862393379211
2014-02-25 12:00:00,,56,0.4334786832332611,0.3392118,0.09426689147949219
2014-02-26 12:00:00,0.37772396,57,0.41489377617836,0.34654975,0.06834402680397034
2014-02-27 12:00:00,,58,0.41489377617836,0.33415344,0.08074033260345459
2014-02-28 12:00:00,,59,0.41489377617836,0.3433372,0.07155656814575195
2014-03-01 12:00:00,0.4017722,60,0.4116133823990822,0.3592928,0.05232057720422745
2014-03-02 12:00:00,0.43507287,61,0.41171398758888245,0.35127714,0.06043684482574463
2014-03-03 12:00:00,,62,0.41171398758888245,0.35577622,0.055937767028808594
2014-03-04 12:00:00,,63,0.41171398758888245,0.3457021,0.06601187586784363
2014-03-05 12:00:00,0.32078364,64,0.3935279190540314,0.3510044,0.042523527145385764
2014-03-06 12:00:00,0.34125766,65,0.37532206773757937,0.37957877,-0.0042567014694213645
2014-03-07 12:00:00,0.3548367,66,0.37190784017244977,0.3632566,0.00865123669306439
2014-03-08 12:00:00,0.36703628,67,0.37012656033039093,0.3625015,0.00762505829334259
2014-03-09 12:00:00,,68,0.37012656033039093,0.37195396,-0.0018274039030075073
2014-03-10 12:00:00,0.33417022,69,0.3649899406092508,0.36389956,0.001090381826673259
2014-03-11 12:00:00,0.30846307,70,0.35166006428854807,0.3726331,-0.02097303526742117
2014-03-12 12:00:00,0.32325557,71,0.33568616424288067,0.38081348,-0.04512731518064228
2014-03-13 12:00:00,0.32546142,72,0.33440807089209557,0.3562455,-0.021837417036294937
2014-03-14 12:00:00,0.30088794,73,0.3306836121612125,0.33896935,-0.008285737699932516
2014-03-15 12:00:00,0.32758567,74,0.33143939243422615,0.34914234,-0.017702950371636272
2014-03-16 12:00:00,0.29164508,75,0.32592688335312736,0.3434946,-0.01756771074401009
2014-03-17 12:00:00,0.303819,76,0.3202582498391469,0.34721887,-0.02696062127749127
2014-03-18 12:00:00,0.3207237,77,0.3151124086644914,0.33943242,-0.024320009681913612
2014-03-19 12:00:00,0.3371893,78,0.3173200964927673,0.3450849,-0.027764809131622326
2014-03-20 12:00:00,0.30381662,79,0.31428473591804507,0.34169653,-0.027411794662475564
2014-03-21 12:00:00,0.27863017,80,0.3113014459609985,0.33875456,-0.027453118562698386
2014-03-22 12:00:00,0.31567672,81,0.3105435609817505,0.35492712,-0.044383561611175515
2014-03-23 12:00:00,,82,0.30888602137565613,0.36323926,-0.05435323715209961
2014-03-24 12:00:00,,83,0.30988578125834465,0.36069483,-0.050809044390916824
2014-03-25 12:00:00,0.33632085,84,0.31097767874598503,0.3709216,-0.05994393303990364
2014-03-26 12:00:00,0.3039791,85,0.3125194311141968,0.3686362,-0.05611675977706909
2014-03-27 12:00:00,0.27686185,86,0.3091497868299484,0.35829222,-0.04914243519306183
2014-03-28 12:00:00,0.302631,87,0.3068881966173649,0.37313136,-0.06624316796660423
2014-03-29 12:00:00,0.32463267,88,0.3053186200559139,0.3549411,-0.04962247982621193
2014-03-30 12:00:00,0.3720027,89,0.31384187936782837,0.35757586,-0.04373398423194885
2014-03-31 12:00:00,0.3746043,90,0.3258386477828026,0.3558557,-0.030017055571079254
2014-04-01 12:00:00,,91,0.32729035190173555,0.3544805,-0.02719015308788847
2014-04-02 12:00:00,,92,0.32729035190173555,0.35583833,-0.028547976698194255
2014-04-03 12:00:00,,93,0.32729035190173555,0.35406494,-0.026774589504514446
2014-04-04 12:00:00,0.43901175,94,0.3419604812349592,0.35484082,-0.012880333832332058
2014-04-05 12:00:00,0.45484006,95,0.36351204769951956,0.3541897,0.009322353771754666
2014-04-06 12:00:00,0.5284138,96,0.399448037147522,0.37724918,0.022198855876922607
2014-04-07 12:00:00,0.48548672,97,0.42557028361729216,0.38376752,0.04180276819637846
2014-04-08 12:00:00,0.402645,98,0.43671490039144245,0.37126312,0.06545178379331318
2014-04-09 12:00:00,0.44378155,99,0.4469690237726484,0.3731911,0.07377793533461435
2014-04-10 12:00:00,0.4227471,100,0.45384656531470163,0.39947268,0.054373881646565037
2014-04-11 12:00:00,0.4438722,101,0.45259977132081985,0.4066782,0.04592157155275345
2014-04-12 12:00:00,0.39985088,102,0.4467387828561995,0.37182865,0.07491013738844132
2014-04-13 12:00:00,0.3919813,103,0.44126303493976593,0.3634725,0.07779054343700409
2014-04-14 12:00:00,0.37333164,104,0.43469502329826354,0.3785857,0.05610932707786559
2014-04-15 12:00:00,0.3736606,105,0.4265770763158798,0.37482834,0.05174873769283295
2014-04-16 12:00:00,0.34882316,106,0.4086180150508881,0.38340855,0.025209468603134166
2014-04-17 12:00:00,0.4065834,107,0.4007276833057404,0.36466676,0.036060923337936424
2014-04-18 12:00:00,0.38069087,108,0.39853227138519287,0.3620403,0.036491960287094116
2014-04-19 12:00:00,0.37451768,109,0.3916058838367462,0.3637924,0.027813494205474854
2014-04-20 12:00:00,0.30791324,110,0.38012249767780304,0.3489082,0.031214311718940735
2014-04-21 12:00:00,0.35619628,111,0.37135490477085115,0.3273567,0.04399820864200593
2014-04-22 12:00:00,0.35936138,112,0.36730595529079435,0.370706,-0.003400036692619346
2014-04-23 12:00:00,0.31136554,113,0.35924437940120696,0.38126603,-0.022021648287773143
2014-04-24 12:00:00,0.3807725,114,0.3599884659051895,0.37284434,-0.012855872511863708
2014-04-25 12:00:00,0.36453626,115,0.3590760320425034,0.38106364,-0.021987608075141885
2014-04-26 12:00:00,0.33090836,116,0.35728455185890196,0.373349,-0.0160644590854645
2014-04-27 12:00:00,0.33356,117,0.3499822109937668,0.36050975,-0.01052754223346708
2014-04-28 12:00:00,0.3547186,118,0.34738498330116274,0.34435433,0.0030306518077850564
2014-04-29 12:00:00,0.37362075,119,0.3472952902317047,0.3453494,0.0019458889961242454
2014-04-30 12:00:00,0.34434104,120,0.35093806982040404,0.35340473,-0.002466660737991344
2014-05-01 12:00:00,0.3360127,121,0.3489197105169296,0.35873884,-0.009819129109382652
2014-05-02 12:00:00,0.33328015,122,0.3463115870952606,0.34515187,0.0011597156524658092
2014-05-03 12:00:00,0.28580043,123,0.34375507533550265,0.3272901,0.01646498739719393
2014-05-04 12:00:00,0.29704013,124,0.33538183867931365,0.32367495,0.011706891655921925
2014-05-05 12:00:00,0.31242508,125,0.33017072081565857,0.34570587,-0.015535145998001099
2014-05-06 12:00:00,0.27232566,126,0.32431245148181914,0.32496586,-0.0006534129381179921
2014-05-07 12:00:00,0.30041054,127,0.3209975063800812,0.33617115,-0.015173643827438354
2014-05-08 12:00:00,0.33200577,128,0.3187262237071991,0.34259048,-0.02386425733566283
2014-05-09 12:00:00,0.34749833,129,0.3161139816045761,0.3237114,-0.007597413659095775
2014-05-10 12:00:00,0.32510972,130,0.3141908496618271,0.33385935,-0.01966850459575653
2014-05-11 12:00:00,0.27949378,131,0.3085389584302902,0.3284437,-0.01990474760532379
2014-05-12 12:00:00,0.2725132,132,0.30246226489543915,0.31607383,-0.013611570000648499
2014-05-13 12:00:00,0.27731284,133,0.30161350667476655,0.31999946,-0.018385949730873097
2014-05-14 12:00:00,0.24814716,134,0.296724209189415,0.3217737,-0.0250494986772537
2014-05-15 12:00:00,0.26707193,135,0.29218889474868776,0.30763957,-0.015450674295425404
2014-05-16 12:00:00,0.26715222,136,0.29167155027389524,0.31382653,-0.022154980897903465
2014-05-17 12:00:00,0.26398164,137,0.2880286604166031,0.29337522,-0.005346563458442699
2014-05-18 12:00:00,0.22665541,138,0.2774936243891716,0.29360393,-0.016110302507877372
2014-05-19 12:00:00,0.17258514,139,0.26000230610370634,0.27909195,-0.01908964812755587
2014-05-20 12:00:00,,140,0.2527681489785512,0.27549893,-0.022730777661005674
2014-05-21 12:00:00,,141,0.2494274452328682,0.29265648,-0.043229036033153534
2014-05-22 12:00:00,0.3039754,142,0.25336021929979324,0.29045328,-0.037093065679073334
2014-05-23 12:00:00,0.36545333,143,0.26437778025865555,0.28784874,-0.023470960557460785
2014-05-24 12:00:00,0.34187907,144,0.2760942690074444,0.29655153,-0.020457256585359573
2014-05-25 12:00:00,0.31255332,145,0.2817794419825077,0.28669652,-0.004917081445455551
2014-05-26 12:00:00,0.2590426,146,0.28076573833823204,0.2839278,-0.003162059932947159
2014-05-27 12:00:00,0.2452821,147,0.27842829562723637,0.2766432,0.00178510881960392
2014-05-28 12:00:00,0.27437922,148,0.284393772482872,0.26753294,0.016860827803611755
2014-05-29 12:00:00,0.26687604,149,0.29618013463914394,0.28073576,0.015444373711943626
2014-05-30 12:00:00,0.26540112,150,0.2927602446741528,0.282176,0.010584256715244711
2014-05-31 12:00:00,0.23819342,151,0.28730356246232985,0.267062,0.02024155408143996
2014-06-01 12:00:00,0.22176231,152,0.279082253575325,0.26377013,0.01531212031841278
2014-06-02 12:00:00,0.21345656,153,0.26388257592916486,0.26343393,0.00044864267110822365
2014-06-03 12:00:00,0.20869808,154,0.2505644768476486,0.24920358,0.001360899209976174
2014-06-04 12:00:00,0.23315056,155,0.2426242008805275,0.2545854,-0.011961184442043304
2014-06-05 12:00:00,0.19962578,156,0.23668251931667328,0.23397146,0.002711057662963867
2014-06-06 12:00:00,0.21481438,157,0.23363574743270873,0.24298702,-0.009351274371147161
2014-06-07 12:00:00,0.28046536,158,0.23424436151981354,0.25036046,-0.016116097569465637
2014-06-08 12:00:00,0.2607345,159,0.23363020718097688,0.2602583,-0.026628080010414112
2014-06-09 12:00:00,0.24349003,160,0.23143909722566605,0.24395096,-0.012511865794658655
2014-06-10 12:00:00,0.20357446,161,0.2279772013425827,0.24201131,-0.014034107327461243
2014-06-11 12:00:00,0.21024658,162,0.2268256276845932,0.2494276,-0.02260197401046754
2014-06-12 12:00:00,0.20253673,163,0.22573364526033401,0.23929234,-0.01355869323015213
2014-06-13 12:00:00,0.20516953,164,0.22538079023361207,0.23142806,-0.006047266721725453
2014-06-14 12:00:00,0.2276649,165,0.22483222484588622,0.25370026,-0.02886803150177003
2014-06-15 12:00:00,0.20369263,166,0.22523891031742097,0.23918368,-0.013944768905639643
2014-06-16 12:00:00,0.16128811,167,0.21988628357648848,0.24561907,-0.0257327899336815
2014-06-17 12:00:00,0.16394909,168,0.20823465585708617,0.21150397,-0.003269311785697948
2014-06-18 12:00:00,0.1607517,169,0.1982363760471344,0.20218836,-0.0039519816637039185
2014-06-19 12:00:00,0.14352341,170,0.18823971450328827,0.21059585,-0.022356131672859186
2014-06-20 12:00:00,0.15297547,171,0.18317981511354448,0.21002267,-0.026842857897281636
2014-06-21 12:00:00,0.15790117,172,0.17794527411460875,0.2092912,-0.031345930695533764
2014-06-22 12:00:00,0.1466148,173,0.1723530814051628,0.21171898,-0.039365895092487335
2014-06-23 12:00:00,0.13105118,174,0.16494124680757521,0.20073542,-0.03579417318105699
2014-06-24 12:00:00,0.1716114,175,0.1593358963727951,0.19126664,-0.031930744647979736
2014-06-25 12:00:00,0.18550634,176,0.15751726776361466,0.20946647,-0.05194920450448989
2014-06-26 12:00:00,0.19175783,177,0.16056423932313918,0.19503342,-0.03446917682886125
2014-06-27 12:00:00,0.187678,178,0.16293713003396987,0.17403437,-0.011097241938114177
2014-06-28 12:00:00,0.16729441,179,0.16359140127897262,0.175508,-0.011916606128215795
2014-06-29 12:00:00,0.17521267,180,0.16676032692193984,0.17673033,-0.0099700078368187
2014-06-30 12:00:00,0.17599101,181,0.16906188130378724,0.17583379,-0.006771910190582264
2014-07-01 12:00:00,0.15294953,182,0.1685667172074318,0.1712311,-0.00266438871622085
2014-07-02 12:00:00,0.13361695,183,0.16726693212985994,0.17107482,-0.0038078904151916393
2014-07-03 12:00:00,0.1879368,184,0.17295549362897872,0.18684325,-0.01388775259256364
2014-07-04 12:00:00,0.23126945,185,0.17892129868268966,0.16736437,0.011556924879550928
2014-07-05 12:00:00,0.21664006,186,0.182034669816494,0.16400291,0.01803175956010819
2014-07-06 12:00:00,0.1582191,187,0.17868079692125322,0.15672751,0.021953289210796367
2014-07-07 12:00:00,0.1556198,188,0.17547497749328614,0.16125287,0.014222106337547308
2014-07-08 12:00:00,0.17463896,189,0.17620943188667298,0.17356035,0.002649080753326427
2014-07-09 12:00:00,0.17060968,190,0.1757491335272789,0.16408993,0.011659200489521016
2014-07-10 12:00:00,0.1586446,191,0.17401449233293534,0.16080992,0.013204573094844824
2014-07-11 12:00:00,0.13238145,192,0.17195768505334855,0.15201591,0.01994177550077439
2014-07-12 12:00:00,0.17042321,193,0.17563831061124802,0.14798099,0.027657322585582733
2014-07-13 12:00:00,0.15025254,194,0.17186988443136214,0.15456857,0.017301316559314717
2014-07-14 12:00:00,0.15506811,195,0.16424975097179412,0.14901066,0.015239092707633961
2014-07-15 12:00:00,0.19366197,196,0.16195194274187089,0.15113707,0.010814873874187475
2014-07-16 12:00:00,0.15779549,197,0.161909581720829,0.14793977,0.013969810307025904
2014-07-17 12:00:00,0.14317977,198,0.1606655791401863,0.15029368,0.010371901094913483
2014-07-18 12:00:00,0.13308662,199,0.1565103456377983,0.14713536,0.009374983608722687
2014-07-19 12:00:00,0.18828923,200,0.15827829986810685,0.14855132,0.00972698479890824
2014-07-20 12:00:00,0.17899165,201,0.1603130042552948,0.13800348,0.02230952084064483
2014-07-21 12:00:00,0.15587305,202,0.16266216337680817,0.14030196,0.02236020565032959
2014-07-22 12:00:00,0.15692967,203,0.16131280958652497,0.14557737,0.015735438466072088
2014-07-23 12:00:00,0.15823506,204,0.16211106181144713,0.14173962,0.020371440052986134
2014-07-24 12:00:00,0.14846854,205,0.1614511042833328,0.13674207,0.024709033966064442
2014-07-25 12:00:00,0.16634786,206,0.1587196931242943,0.13692208,0.02179761677980424
2014-07-26 12:00:00,0.13447669,207,0.1563878133893013,0.15447336,0.0019144490361213684
2014-07-27 12:00:00,0.14629818,208,0.15669965445995332,0.13872933,0.017970320582389843
2014-07-28 12:00:00,0.1692046,209,0.1603114515542984,0.14153592,0.018775528669357305
2014-07-29 12:00:00,0.15042733,210,0.15652526170015335,0.14378485,0.01274041086435318
2014-07-30 12:00:00,0.15058754,211,0.15368485152721406,0.13714087,0.016543981432914745
2014-07-31 12:00:00,0.15352692,212,0.15345023870468139,0.13496916,0.01848107874393462
2014-08-01 12:00:00,0.1584765,213,0.15360492169857026,0.1300208,0.023584124445915233
2014-08-02 12:00:00,0.15629852,214,0.15341126769781113,0.14151715,0.01189412027597428
2014-08-03 12:00:00,0.13389657,215,0.1519540712237358,0.12886053,0.02309353798627853
2014-08-04 12:00:00,0.15197437,216,0.15051672160625457,0.13507284,0.01544387936592101
2014-08-05 12:00:00,0.14369796,217,0.15143884867429733,0.12868367,0.02275517731904983
2014-08-06 12:00:00,0.12866768,218,0.1496757984161377,0.12760268,0.022073116898536693
2014-08-07 12:00:00,0.17102875,219,0.14985821396112442,0.13374633,0.016111887991428375
2014-08-08 12:00:00,0.16293831,220,0.15110931247472764,0.12899292,0.022116397321224224
2014-08-09 12:00:00,0.13999829,221,0.15005038678646088,0.13119048,0.01885990798473358
2014-08-10 12:00:00,0.14132456,222,0.14883015155792237,0.12736617,0.021463981270790106
2014-08-11 12:00:00,0.14268376,223,0.14725087732076644,0.13025206,0.0169988140463829
2014-08-12 12:00:00,0.12842177,224,0.14446320235729218,0.12690082,0.017562380433082586
2014-08-13 12:00:00,0.14490905,225,0.1455644503235817,0.12629405,0.019270403683185583
2014-08-14 12:00:00,0.11321337,226,0.14168835058808327,0.12029237,0.021395977586507797
2014-08-15 12:00:00,0.112374045,227,0.13855595886707306,0.11773699,0.02081897109746933
2014-08-16 12:00:00,0.11913937,228,0.13760312795639038,0.12634286,0.011260265111923212
2014-08-17 12:00:00,0.09790833,229,0.130291086435318,0.1207577,0.009533387422561657
2014-08-18 12:00:00,0.13400747,230,0.12739800214767455,0.12799847,-0.0006004691123962513
2014-08-19 12:00:00,0.099021345,231,0.12330030798912048,0.122881286,0.00041902214288710993
2014-08-20 12:00:00,0.12018481,232,0.12118633240461349,0.12962584,-0.008439509570598608
2014-08-21 12:00:00,0.092544496,233,0.11617240607738495,0.12610762,-0.009935212135314939
2014-08-22 12:00:00,0.09555855,234,0.11288608387112617,0.13803422,-0.0251481406390667
2014-08-23 12:00:00,0.12414721,235,0.1108098991215229,0.1377682,-0.026958294957876203
2014-08-24 12:00:00,0.11993678,236,0.11148224025964737,0.14141513,-0.029932893812656403
2014-08-25 12:00:00,0.11323283,237,0.11156811863183975,0.12603457,-0.014466454088687894
2014-08-26 12:00:00,0.14308304,238,0.11396248489618302,0.14522703,-0.03126454502344131
2014-08-27 12:00:00,0.15330586,239,0.11950223743915558,0.14944483,-0.02994259595870971
2014-08-28 12:00:00,0.12604076,240,0.11870556622743607,0.15051888,-0.03181331306695938
2014-08-29 12:00:00,0.14679766,241,0.12348319739103317,0.1517701,-0.02828690260648728
2014-08-30 12:00:00,0.13881707,242,0.12534642368555068,0.14100519,-0.015658764541149145
2014-08-31 12:00:00,0.14803098,243,0.13089507222175598,0.15705961,-0.026164537668228155
2014-09-01 12:00:00,0.13509943,244,0.13484916016459464,0.1348131,3.6060065031040534e-05
2014-09-02 12:00:00,0.13851887,245,0.1362863264977932,0.141397,-0.005110672861337651
2014-09-03 12:00:00,0.15513991,246,0.13980663940310478,0.157315,-0.017508361488580704
2014-09-04 12:00:00,0.15454608,247,0.14393796473741532,0.14278199,0.001155976951122295
2014-09-05 12:00:00,0.16230719,248,0.14586037993431092,0.15626027,-0.010399886965751642
2014-09-06 12:00:00,0.16220549,249,0.14675034284591676,0.1519004,-0.0051500529050826915
2014-09-07 12:00:00,0.32363445,250,0.16650971174240112,0.16519362,0.0013160943984985296
2014-09-08 12:00:00,0.2766407,251,0.1794940173625946,0.1652146,0.014279419183731074
2014-09-09 12:00:00,0.29824594,252,0.19543690383434295,0.17137599,0.02406091392040252
2014-09-10 12:00:00,0.24444763,253,0.2050785690546036,0.16883884,0.03623972535133363
2014-09-11 12:00:00,0.27312964,254,0.21888159066438675,0.16686703,0.05201455801725388
2014-09-12 12:00:00,0.28049847,255,0.23307955116033555,0.1676229,0.06545665711164475
2014-09-13 12:00:00,0.24872147,256,0.242437706887722,0.18125947,0.06117823868989944
2014-09-14 12:00:00,0.25457183,257,0.25244028121232986,0.1945393,0.057900987565517426
2014-09-15 12:00:00,0.2802792,258,0.2642374813556671,0.21420695,0.05003053247928618
2014-09-16 12:00:00,0.2605528,259,0.2740722119808197,0.23211169,0.041960519552230846
2014-09-17 12:00:00,0.34564167,260,0.2762729346752167,0.22762647,0.048646461963653576
2014-09-18 12:00:00,0.32414952,261,0.2810238152742386,0.23051277,0.05051104724407196
2014-09-19 12:00:00,0.4004295,262,0.2912421703338623,0.22309914,0.06814302802085875
2014-09-20 12:00:00,0.44912437,263,0.31170984357595444,0.22335371,0.0883561298251152
2014-09-21 12:00:00,0.33428937,264,0.3178258165717125,0.22350381,0.09432200342416763
2014-09-22 12:00:00,0.38248903,265,0.32802487164735794,0.22417666,0.10384821146726608
2014-09-23 12:00:00,0.39556894,266,0.342709618806839,0.22469865,0.11801097095012664
2014-09-24 12:00:00,0.4063269,267,0.35788512527942656,0.23496915,0.12291597127914428
2014-09-25 12:00:00,0.37528503,268,0.3673857092857361,0.22326708,0.1441186308860779
2014-09-26 12:00:00,0.32501766,269,0.37383219599723816,0.21399032,0.1598418802022934
2014-09-27 12:00:00,0.3525974,270,0.3745277673006058,0.21629143,0.1582363396883011
2014-09-28 12:00:00,0.39306682,271,0.38141949772834777,0.22335252,0.15806697607040404
2014-09-29 12:00:00,0.37240586,272,0.37861713469028474,0.21668711,0.16193002164363862
2014-09-30 12:00:00,0.35836414,273,0.3695411115884781,0.21051738,0.15902373492717742
2014-10-01 12:00:00,0.3529134,274,0.3714035153388977,0.22752136,0.143882155418396
2014-10-02 12:00:00,0.34708,275,0.36786261200904846,0.21836643,0.1494961827993393
2014-10-03 12:00:00,0.32588404,276,0.36089412271976473,0.22464703,0.13624709248542788
2014-10-04 12:00:00,0.29109862,277,0.34937129616737367,0.21582069,0.13355061113834382
2014-10-05 12:00:00,0.30570963,278,0.34241375625133513,0.2310855,0.11132826209068297
2014-10-06 12:00:00,0.29133308,279,0.33904529809951783,0.22444333,0.11460196673870088
2014-10-07 12:00:00,0.3217827,280,0.33596383035182953,0.21573085,0.12023298442363739
2014-10-08 12:00:00,0.37919056,281,0.33457620441913605,0.21373194,0.12084425985813141
2014-10-09 12:00:00,0.33924577,282,0.3312601953744888,0.21444227,0.11681792736053465
2014-10-10 12:00:00,0.4011991,283,0.335543692111969,0.20218302,0.13336066901683807
2014-10-11 12:00:00,0.3643686,284,0.3366892099380493,0.23270407,0.10398513674736021
2014-10-12 12:00:00,0.378722,285,0.33985341191291807,0.22070266,0.11915074884891508
2014-10-13 12:00:00,,286,0.34140556388431126,0.21077365,0.1306319170527988
2014-10-14 12:00:00,0.41473538,287,0.3551429808139801,0.24977106,0.10537192225456238
2014-10-15 12:00:00,0.5000784,288,0.3767395085758633,0.26918527,0.10755423373646206
2014-10-16 12:00:00,0.4659958,289,0.3961464762687683,0.270501,0.1256454885005951
2014-10-17 12:00:00,0.43982476,290,0.4092622598012288,0.28497446,0.12428780396779376
2014-10-18 12:00:00,0.3928781,291,0.410783095492257,0.31070825,0.10007484091652763
2014-10-19 12:00:00,0.3703627,292,0.4142405324512058,0.30353272,0.11070781283908421
2014-10-20 12:00:00,0.3623275,293,0.40992146399286056,0.33082974,0.07909172442224288
2014-10-21 12:00:00,0.4161922,294,0.4156796435515086,0.33849204,0.07718760768572491
2014-10-22 12:00:00,0.37127084,295,0.41485173503557843,0.3311898,0.08366192380587262
2014-10-23 12:00:00,0.34289443,296,0.40765600502490995,0.3397465,0.067909500002861
2014-10-24 12:00:00,0.3285885,297,0.39904131591320036,0.34023115,0.058810165524482705
2014-10-25 12:00:00,0.322784,298,0.38131187856197357,0.3398163,0.04149557650089264
2014-10-26 12:00:00,0.31678304,299,0.36639060378074645,0.3385588,0.02783181071281432
2014-10-27 12:00:00,0.29651996,300,0.35206012427806854,0.3363659,0.015694215893745422
2014-10-28 12:00:00,0.2771691,301,0.3404892265796661,0.3254307,0.015058535337448109
2014-10-29 12:00:00,0.31271958,302,0.3347249150276184,0.35444885,-0.01972393989562987
2014-10-30 12:00:00,0.3254731,303,0.3310394763946533,0.34866098,-0.017621499300003063
2014-10-31 12:00:00,0.2850259,304,0.31792284548282623,0.37075877,-0.05283592641353607
2014-11-01 12:00:00,0.3075466,305,0.31155042052268983,0.35243005,-0.04087962508201598
2014-11-02 12:00:00,0.31644294,306,0.30890527069568635,0.3528227,-0.043917420506477345
2014-11-03 12:00:00,0.2957975,307,0.3056261718273163,0.3758835,-0.07025731801986695
2014-11-04 12:00:00,,308,0.30371974574195015,0.36182922,-0.058109475506676556
2014-11-05 12:00:00,,309,0.30208683386445045,0.36367443,-0.06158759817481041
2014-11-06 12:00:00,0.34495914,310,0.30814173072576523,0.35966298,-0.05152124911546707
2014-11-07 12:00:00,0.4090636,311,0.3246285431087017,0.36376706,-0.039138514548540115
2014-11-08 12:00:00,0.35354176,312,0.3297313153743744,0.3771041,-0.047372788190841675
2014-11-09 12:00:00,0.37653592,313,0.33611416816711426,0.38398263,-0.04786846041679382
2014-11-10 12:00:00,0.34027708,314,0.34302056580781937,0.35275054,-0.00972997397184372
2014-11-11 12:00:00,0.46641463,315,0.36287907138466835,0.36016223,0.0027168430387973785
2014-11-12 12:00:00,0.43575025,316,0.37779248505830765,0.3595915,0.01820097118616104
2014-11-13 12:00:00,0.4479975,317,0.39681748673319817,0.3596434,0.03717408701777458
2014-11-14 12:00:00,0.4223339,318,0.3996526433361901,0.35756534,0.04208729995621574
2014-11-15 12:00:00,0.39923614,319,0.39961099326610566,0.35579035,0.04382064640522004
2014-11-16 12:00:00,0.39993984,320,0.40510906279087067,0.35293368,0.05217538774013519
2014-11-17 12:00:00,0.40318683,321,0.40452138483524325,0.35801497,0.04650641381740572
2014-11-18 12:00:00,,322,0.4101857874128554,0.33542517,0.07476061913702226
2014-11-19 12:00:00,,323,0.41439202055335045,0.3313061,0.08308592066168785
2014-11-20 12:00:00,0.41099563,324,0.423231840133667,0.34407833,0.07915350794792175
2014-11-21 12:00:00,0.4163643,325,0.41697555035352707,0.35562962,0.06134592741727829
2014-11-22 12:00:00,0.41859952,326,0.4148317091166973,0.36348972,0.05134199187159538
2014-11-23 12:00:00,0.41185653,327,0.41031408682465553,0.3509741,0.0593399740755558
2014-11-24 12:00:00,0.41153196,328,0.4089638441801071,0.36400625,0.04495759308338165
2014-11-25 12:00:00,0.4117575,329,0.410529013723135,0.36372176,0.04680725559592247
2014-11-26 12:00:00,0.4014326,330,0.41071560978889465,0.36978522,0.04093039035797119
2014-11-27 12:00:00,0.39007625,331,0.4090767875313759,0.3540092,0.055067576467990875
2014-11-28 12:00:00,0.36175513,332,0.40381882588068646,0.3752758,0.028543035189310728
2014-11-29 12:00:00,,333,0.40381882588068646,0.37872198,0.02509684364000958
2014-11-30 12:00:00,0.383667,334,0.4007823103004032,0.36825508,0.032527231507831156
2014-12-01 12:00:00,0.41076225,335,0.4001598589950138,0.4031116,-0.0029517478413051967
2014-12-02 12:00:00,0.38001525,336,0.39587271875805324,0.38178217,0.014090544647640646
2014-12-03 12:00:00,0.38137108,337,0.39248544640011257,0.35388464,0.038600809044308126
2014-12-04 12:00:00,,338,0.39010463282465935,0.386739,0.0033656470477581024
2014-12-05 12:00:00,,339,0.3870113662311009,0.37170398,0.015307383877890435
2014-12-06 12:00:00,,340,0.38460782667001087,0.38722318,-0.0026153574387232648
2014-12-07 12:00:00,,341,0.38351414203643797,0.3632648,0.020249342918395974
2014-12-08 12:00:00,,342,0.38895389437675476,0.36811972,0.02083417773246765
2014-12-09 12:00:00,0.35798752,343,0.3827606201171875,0.37827137,0.004489248991012551
2014-12-10 12:00:00,,344,0.3825340270996094,0.36332893,0.019205093383789062
2014-12-11 12:00:00,,345,0.373124619325002,0.39113528,-0.018010656038920103
2014-12-12 12:00:00,,346,0.3696793019771576,0.3816224,-0.01194310188293457
2014-12-13 12:00:00,0.41837287,347,0.3881801962852478,0.39665878,-0.00847858190536499
2014-12-14 12:00:00,,348,0.3881801962852478,0.36300632,0.025173872709274292
2014-12-15 12:00:00,,349,0.3881801962852478,0.39022985,-0.002049654722213745
2014-12-16 12:00:00,0.38630095,350,0.38755378127098083,0.37832853,0.009225249290466309
2014-12-17 12:00:00,0.38715035,351,0.3874529227614403,0.387156,0.0002969130873680115
2014-12-18 12:00:00,,352,0.3874529227614403,0.3737697,0.013683222234249115
2014-12-19 12:00:00,,353,0.3972747226556142,0.3839858,0.013288935025533022
2014-12-20 12:00:00,,354,0.3972747226556142,0.4497578,-0.052483091751734434
2014-12-21 12:00:00,,355,0.3972747226556142,0.4269549,-0.02968017260233563
2014-12-22 12:00:00,,356,0.3972747226556142,0.42391795,-0.026643226544062315
2014-12-23 12:00:00,,357,0.38672564923763275,0.40459636,-0.0178707093000412
2014-12-24 12:00:00,,358,0.38672564923763275,0.41222954,-0.025503888726234436
2014-12-25 12:00:00,,359,0.38672564923763275,0.42910507,-0.04237942397594452
2014-12-26 12:00:00,,360,0.3871503472328186,0.40299073,-0.015840381383895874
2014-12-27 12:00:00,,361,,0.40802148,
2014-12-28 12:00:00,,362,,0.3838836,
2014-12-29 12:00:00,,363,,0.39591962,
2014-12-30 12:00:00,,364,,0.39280036,
2014-12-31 12:00:00,,365,,0.38301083,
2015-01-01 12:00:00,,1,,0.3864723,
2015-01-02 12:00:00,,2,,0.40218058,
2015-01-03 12:00:00,,3,,0.3910916,
2015-01-04 12:00:00,,4,,0.39495927,
2015-01-05 12:00:00,,5,,0.3713293,
2015-01-06 12:00:00,,6,,0.36444905,
2015-01-07 12:00:00,,7,,0.41802442,
2015-01-08 12:00:00,,8,,0.4172373,
2015-01-09 12:00:00,,9,,0.4056448,
2015-01-10 12:00:00,,10,,0.38533783,
2015-01-11 12:00:00,,11,,0.3886183,
2015-01-12 12:00:00,,12,,0.37092325,
2015-01-13 12:00:00,,13,,0.38340485,
2015-01-14 12:00:00,0.37253526,14,0.37253525853157043,0.38811454,-0.015579283237457275
2015-01-15 12:00:00,0.3987086,15,0.38562193512916565,0.38860998,-0.0029880404472351074
2015-01-16 12:00:00,0.33984625,16,0.37036337455113727,0.38802296,-0.017659584681193052
2015-01-17 12:00:00,,17,0.37036337455113727,0.38275933,-0.012395958105723082
2015-01-18 12:00:00,0.38483134,18,0.3739803656935692,0.3798885,-0.0059081390500068665
2015-01-19 12:00:00,,19,0.3739803656935692,0.3720979,0.0018824562430381775
2015-01-20 12:00:00,,20,0.3739803656935692,0.4105781,-0.036597736179828644
2015-01-21 12:00:00,,21,0.3739803656935692,0.40732408,-0.033343710005283356
2015-01-22 12:00:00,0.37022632,22,0.3732295572757721,0.40736237,-0.03413281440734861
2015-01-23 12:00:00,0.38180915,23,0.3746594885985057,0.39973465,-0.025075157483418764
2015-01-24 12:00:00,0.37065834,24,0.37434666852156323,0.39047927,-0.01613259812196094
2015-01-25 12:00:00,,25,0.36947427988052367,0.37558076,-0.006106477975845348
2015-01-26 12:00:00,,26,0.37688128650188446,0.4056438,-0.02876250445842743
2015-01-27 12:00:00,,27,0.37688128650188446,0.39556965,-0.018688365817070007
2015-01-28 12:00:00,,28,0.3742312689622243,0.37254143,0.0016898413499196185
2015-01-29 12:00:00,0.35457772,29,0.3693178817629814,0.38716748,-0.017849601805210114
2015-01-30 12:00:00,0.43851373,30,0.3831570506095886,0.40357998,-0.02042292952537539
2015-01-31 12:00:00,0.42635792,31,0.39035719633102417,0.40741593,-0.017058730125427246
2015-02-01 12:00:00,,32,0.39438337087631226,0.41167966,-0.017296284437179565
2015-02-02 12:00:00,,33,0.39752692729234695,0.38835484,0.009172089397907257
2015-02-03 12:00:00,,34,0.40648312369982403,0.37754154,0.028941581646601378
2015-02-04 12:00:00,,35,0.40648312369982403,0.38968793,0.016795198122660338
2015-02-05 12:00:00,,36,0.40648312369982403,0.3883758,0.018107334772745787
2015-02-06 12:00:00,,37,0.40648312369982403,0.3859026,0.02058051029841107
2015-02-07 12:00:00,,38,0.40648312369982403,0.3803881,0.02609501282374066
2015-02-08 12:00:00,,39,0.4324358254671097,0.37012216,0.062313660979270935
2015-02-09 12:00:00,,40,0.4263579249382019,0.39988688,0.026471048593521118
2015-02-10 12:00:00,,41,,0.3737662,
2015-02-11 12:00:00,,42,,0.3907012,
2015-02-12 12:00:00,,43,,0.3791652,
2015-02-13 12:00:00,0.33731776,44,0.3373177647590637,0.38245866,-0.04514089226722717
2015-02-14 12:00:00,,45,0.3373177647590637,0.37128645,-0.03396868705749512
2015-02-15 12:00:00,0.42349845,46,0.3804081082344055,0.3670705,0.01333761215209961
2015-02-16 12:00:00,,47,0.3804081082344055,0.35659084,0.0238172709941864
2015-02-17 12:00:00,0.34388202,48,0.36823274691899616,0.35714054,0.011092205842336
2015-02-18 12:00:00,,49,0.36823274691899616,0.33947995,0.028752793868382753
2015-02-19 12:00:00,0.3133986,50,0.3545242100954056,0.33928862,0.01523558795452118
2015-02-20 12:00:00,,51,0.3545242100954056,0.3627164,-0.008192196488380432
2015-02-21 12:00:00,0.32924336,52,0.3494680404663086,0.34647006,0.0029979825019836315
2015-02-22 12:00:00,,53,0.3494680404663086,0.35201713,-0.0025490939617157093
2015-02-23 12:00:00,0.33982763,54,0.3499700129032135,0.3525628,-0.0025927722454071045
2015-02-24 12:00:00,,55,0.3499700129032135,0.35007006,-0.00010004639625549316
2015-02-25 12:00:00,,56,0.33158790320158005,0.3392118,-0.007623888552188873
2015-02-26 12:00:00,0.32674012,57,0.3306183457374573,0.34654975,-0.01593140363693235
2015-02-27 12:00:00,0.32398456,58,0.32663885354995725,0.33415344,-0.007514590024948142
2015-02-28 12:00:00,0.3095426,59,0.32378947734832764,0.3433372,-0.019547730684280396
2015-03-01 12:00:00,0.35515976,60,0.3307496706644694,0.3592928,-0.028543134530385317
2015-03-02 12:00:00,0.31059635,61,0.3278706244059971,0.35127714,-0.023406518357140693
2015-03-03 12:00:00,0.33400214,62,0.3285504494394575,0.35577622,-0.02722577112061636
2015-03-04 12:00:00,0.3333041,63,0.3291446566581726,0.3457021,-0.01655745506286621
2015-03-05 12:00:00,0.2839353,64,0.3221581168472767,0.3510044,-0.028846275061368942
2015-03-06 12:00:00,0.27252904,65,0.31664377450942993,0.37957877,-0.0629349946975708
2015-03-07 12:00:00,0.26225603,66,0.3112049996852875,0.3632566,-0.0520516037940979
2015-03-08 12:00:00,0.24334192,67,0.3028651803731918,0.3625015,-0.05963632166385652
2015-03-09 12:00:00,0.28136748,68,0.2986034721136093,0.37195396,-0.07335049211978911
2015-03-10 12:00:00,0.27536756,69,0.29518596827983856,0.36389956,-0.06871359050273895
2015-03-11 12:00:00,0.27149117,70,0.2868191093206406,0.3726331,-0.08581399023532865
2015-03-12 12:00:00,0.25096422,71,0.28085589706897734,0.38081348,-0.0999575823545456
2015-03-13 12:00:00,0.2502002,72,0.2724757045507431,0.3562455,-0.0837697833776474
2015-03-14 12:00:00,,73,0.2657169931464725,0.33896935,-0.0732523567146725
2015-03-15 12:00:00,,74,0.26343970373272896,0.34914234,-0.08570263907313347
2015-03-16 12:00:00,0.23836465,75,0.2591691557317972,0.3434946,-0.08432543836534023
2015-03-17 12:00:00,,76,0.25872817422662464,0.34721887,-0.08849069689001354
2015-03-18 12:00:00,,77,0.26129254947106045,0.33943242,-0.07813986887534458
2015-03-19 12:00:00,,78,0.25727756321430206,0.3450849,-0.08780734241008759
2015-03-20 12:00:00,0.35942107,79,0.27408826649188994,0.34169653,-0.06760826408863069
2015-03-21 12:00:00,0.3524753,80,0.29028508961200716,0.33875456,-0.048469474911689736
2015-03-22 12:00:00,,81,0.30011530593037605,0.35492712,-0.05481181666254997
2015-03-23 12:00:00,0.33868113,82,0.3222355358302593,0.36323926,-0.041003722697496414
2015-03-24 12:00:00,,83,0.3222355358302593,0.36069483,-0.03845928981900215
2015-03-25 12:00:00,0.34443042,84,0.32667451202869413,0.3709216,-0.04424709975719454
2015-03-26 12:00:00,0.31975168,85,0.34295191764831545,0.3686362,-0.025684273242950417
2015-03-27 12:00:00,0.39379966,86,0.35142654180526733,0.35829222,-0.00686568021774292
2015-03-28 12:00:00,0.40755904,87,0.359445469720023,0.37313136,-0.013685894863946113
2015-03-29 12:00:00,0.31946403,88,0.35444778949022293,0.3549411,-0.0004933103919029236
2015-03-30 12:00:00,0.34717953,89,0.3529175966978073,0.35757586,-0.00465826690196991
2015-03-31 12:00:00,0.31775007,90,0.34857694432139397,0.3558557,-0.007278759032487869
2015-04-01 12:00:00,0.30531064,91,0.34376957681443954,0.3544805,-0.010710928175184486
2015-04-02 12:00:00,0.29245567,92,0.33863341477182174,0.35583833,-0.01720491382810807
2015-04-03 12:00:00,0.31278503,93,0.33604857623577117,0.35406494,-0.018016365170478832
2015-04-04 12:00:00,0.29475868,94,0.33108140230178834,0.35484082,-0.02375941276550292
2015-04-05 12:00:00,0.29663253,95,0.3287694871425629,0.3541897,-0.025420206785202015
2015-04-06 12:00:00,0.29111454,96,0.3185009747743607,0.37724918,-0.058748206496238686
2015-04-07 12:00:00,0.3793338,97,0.3156784504652023,0.38376752,-0.06808906495571138
2015-04-08 12:00:00,0.31155238,98,0.31488728523254395,0.37126312,-0.05637583136558533
2015-04-09 12:00:00,,99,0.31129925780826145,0.3731911,-0.061891830629772604
2015-04-10 12:00:00,,100,0.3104929067194462,0.39947268,-0.08897977694869041
2015-04-11 12:00:00,0.45716804,101,0.3294750824570656,0.4066782,-0.07720311731100082
2015-04-12 12:00:00,0.38072848,102,0.34050918370485306,0.37182865,-0.03131946176290512
2015-04-13 12:00:00,0.33196452,103,0.3429066203534603,0.3634725,-0.02056587114930153
2015-04-14 12:00:00,0.35387054,104,0.3502956032752991,0.3785857,-0.028290092945098877
2015-04-15 12:00:00,0.31933758,105,0.3531337343156338,0.37482834,-0.0216946043074131
2015-04-16 12:00:00,0.40146747,106,0.3669278509914875,0.38340855,-0.016480695456266403
2015-04-17 12:00:00,0.36184585,107,0.36474185809493065,0.36466676,7.509812712669373e-05
2015-04-18 12:00:00,0.26767787,108,0.3592575453221798,0.3620403,-0.0027827657759189606
2015-04-19 12:00:00,0.3202357,109,0.35492178466584945,0.3637924,-0.008870604965421913
2015-04-20 12:00:00,0.30933246,110,0.3503628522157669,0.3489082,0.001454666256904602
2015-04-21 12:00:00,0.3069817,111,0.3353442192077637,0.3273567,0.00798752307891848
2015-04-22 12:00:00,0.34667432,112,0.33193880319595337,0.370706,-0.03876718878746033
2015-04-23 12:00:00,0.3157166,113,0.3303140103816986,0.38126603,-0.050952017307281494
2015-04-24 12:00:00,0.32847965,114,0.3277749210596085,0.37284434,-0.04506941735744474
2015-04-25 12:00:00,0.40748537,115,0.3365896999835968,0.38106364,-0.044473940134048484
2015-04-26 12:00:00,0.42690003,116,0.33913295567035673,0.373349,-0.03421605527400973
2015-04-27 12:00:00,0.38117835,117,0.3410662055015564,0.36050975,-0.019443547725677468
2015-04-28 12:00:00,0.37910035,118,0.35220845341682433,0.34435433,0.007854121923446644
2015-04-29 12:00:00,0.35185093,119,0.35536997616291044,0.3453494,0.010020574927329995
2015-04-30 12:00:00,0.36358216,120,0.36079494655132294,0.35340473,0.007390215992927551
2015-05-01 12:00:00,0.3989526,121,0.3699920356273651,0.35873884,0.011253196001052845
2015-05-02 12:00:00,0.3922276,122,0.3745473623275757,0.34515187,0.029395490884780884
2015-05-03 12:00:00,0.33821258,123,0.3767969608306885,0.3272901,0.04950687289237976
2015-05-04 12:00:00,0.41837177,124,0.385786172747612,0.32367495,0.06211122572422029
2015-05-05 12:00:00,0.50407565,125,0.3954452008008957,0.34570587,0.04973933398723601
2015-05-06 12:00:00,0.32098448,126,0.38485364615917206,0.32496586,0.059887781739234924
2015-05-07 12:00:00,0.33444297,127,0.3801801085472107,0.33617115,0.04400895833969115
2015-05-08 12:00:00,0.34951955,128,0.37722202837467195,0.34259048,0.03463154733181001
2015-05-09 12:00:00,0.3141662,129,0.37345355451107026,0.3237114,0.04974215924739839
2015-05-10 12:00:00,0.32305855,130,0.3694011926651001,0.33385935,0.03554183840751646
2015-05-11 12:00:00,0.31978384,131,0.3614843159914017,0.3284437,0.03304060995578767
2015-05-12 12:00:00,0.27257302,132,0.3495188593864441,0.31607383,0.03344502449035647
2015-05-13 12:00:00,0.27735937,133,0.3434335380792618,0.31999946,0.023434081673622154
2015-05-14 12:00:00,0.2845649,134,0.33005285263061523,0.3217737,0.008279144763946533
2015-05-15 12:00:00,0.23138076,135,0.3027833640575409,0.30763957,-0.004856204986572243
2015-05-16 12:00:00,0.24252653,136,0.29493756890296935,0.31382653,-0.018888962268829357
2015-05-17 12:00:00,0.25079045,137,0.2865723162889481,0.29337522,-0.006802907586097695
2015-05-18 12:00:00,0.2339212,138,0.27501248121261596,0.29360393,-0.018591445684432995
2015-05-19 12:00:00,0.21807891,139,0.2654037535190582,0.27909195,-0.013688200712204002
2015-05-20 12:00:00,0.18058546,140,0.25115644484758376,0.27549893,-0.024342481791973125
2015-05-21 12:00:00,0.16951138,141,0.2361291989684105,0.29265648,-0.056527282297611225
2015-05-22 12:00:00,0.17324638,142,0.2261965349316597,0.29045328,-0.06425675004720688
2015-05-23 12:00:00,0.17057385,143,0.21551798284053802,0.28784874,-0.07233075797557831
2015-05-24 12:00:00,0.16783562,144,0.2038450539112091,0.29655153,-0.09270647168159485
2015-05-25 12:00:00,0.18041398,145,0.19874837547540664,0.28669652,-0.08794814795255662
2015-05-26 12:00:00,0.19026999,146,0.19352272152900696,0.2839278,-0.09040507674217224
2015-05-27 12:00:00,0.14901651,147,0.183345328271389,0.2766432,-0.09329785853624345
2015-05-28 12:00:00,0.17314366,148,0.17726757377386093,0.26753294,-0.09026537090539932
2015-05-29 12:00:00,0.16512519,149,0.17197220176458358,0.28073576,-0.10876355916261674
2015-05-30 12:00:00,0.18112177,150,0.17202583253383635,0.282176,-0.11015015542507173
2015-05-31 12:00:00,0.15760605,151,0.17083529978990555,0.267062,-0.09622670859098434
2015-06-01 12:00:00,0.17933756,152,0.1714444175362587,0.26377013,-0.09232571572065354
2015-06-02 12:00:00,0.16511536,153,0.17089856863021852,0.26343393,-0.09253536462783812
2015-06-03 12:00:00,0.1537982,154,0.16949482560157775,0.24920358,-0.07970875203609468
2015-06-04 12:00:00,0.17481178,155,0.16893460601568222,0.2545854,-0.08565077930688858
2015-06-05 12:00:00,0.15751943,156,0.16565954983234404,0.23397146,-0.06831191182136537
2015-06-06 12:00:00,0.19242245,157,0.17000014334917068,0.24298702,-0.07298687845468521
2015-06-07 12:00:00,0.15183848,158,0.1678696259856224,0.25036046,-0.08249083310365676
2015-06-08 12:00:00,0.168366,159,0.16819370687007903,0.2602583,-0.09206458032131196
2015-06-09 12:00:00,0.1428892,160,0.16437045037746428,0.24395096,-0.07958051264286042
2015-06-10 12:00:00,0.14717503,161,0.1633273482322693,0.24201131,-0.07868396043777465
2015-06-11 12:00:00,0.12995927,162,0.15838951915502547,0.2494276,-0.09103808254003526
2015-06-12 12:00:00,0.20462525,163,0.16234050840139388,0.23929234,-0.07695183008909226
2015-06-13 12:00:00,0.16577652,164,0.16353834122419358,0.23142806,-0.06788971573114394
2015-06-14 12:00:00,0.22399718,165,0.16845688074827195,0.25370026,-0.0852433755993843
2015-06-15 12:00:00,0.32612088,166,0.185317026078701,0.23918368,-0.053866653144359594
2015-06-16 12:00:00,0.28771254,167,0.1948460355401039,0.24561907,-0.050773037970066076
2015-06-17 12:00:00,0.26348138,168,0.2060103252530098,0.21150397,-0.005493642389774317
2015-06-18 12:00:00,0.21612653,169,0.21078637838363648,0.20218836,0.008598020672798162
2015-06-19 12:00:00,0.19958903,170,0.2164563611149788,0.21059585,0.005860514938831329
2015-06-20 12:00:00,0.17821443,171,0.21956030130386353,0.21002267,0.00953762829303742
2015-06-21 12:00:00,0.15376066,172,0.2219404399394989,0.2092912,0.012649235129356395
2015-06-22 12:00:00,0.20439337,173,0.22191725224256514,0.21171898,0.010198275744914997
2015-06-23 12:00:00,0.11803319,174,0.2171429194509983,0.20073542,0.01640749946236611
2015-06-24 12:00:00,0.14116088,175,0.20885928943753243,0.19126664,0.01759264841675759
2015-06-25 12:00:00,0.16149576,176,0.19239677712321282,0.20946647,-0.017069695144891733
2015-06-26 12:00:00,0.17100598,177,0.18072612062096596,0.19503342,-0.014307295531034464
2015-06-27 12:00:00,0.14437227,178,0.16881520971655845,0.17403437,-0.0052191622555256
2015-06-28 12:00:00,0.14351796,179,0.16155435219407083,0.175508,-0.013953655213117588
2015-06-29 12:00:00,0.1482308,180,0.15641852989792823,0.17673033,-0.020311804860830313
2015-06-30 12:00:00,0.14311947,181,0.15290903374552728,0.17583379,-0.02292475774884223
2015-07-01 12:00:00,0.10720422,182,0.14825339019298553,0.1712311,-0.02297771573066712
2015-07-02 12:00:00,0.10630293,183,0.1384443461894989,0.17107482,-0.03263047635555266
2015-07-03 12:00:00,,184,0.14071225209368599,0.18684325,-0.04613099412785637
2015-07-04 12:00:00,0.09448563,185,0.1355261140399509,0.16736437,-0.031838259763187826
2015-07-05 12:00:00,0.12256717,186,0.13120071507162517,0.16400291,-0.03280219518476063
2015-07-06 12:00:00,0.1384565,187,0.1275841055644883,0.15672751,-0.029143402145968555
2015-07-07 12:00:00,0.111591466,188,0.12394179403781891,0.16125287,-0.03731107711791992
2015-07-08 12:00:00,0.12191023,189,0.12154093550311194,0.17356035,-0.052019415630234614
2015-07-09 12:00:00,0.13991283,190,0.1206167158153322,0.16408993,-0.04347321722242567
2015-07-10 12:00:00,0.110106066,191,0.11694855988025665,0.16080992,-0.04386135935783386
2015-07-11 12:00:00,0.1275684,192,0.11921124574210909,0.15201591,-0.03280466381046507
2015-07-12 12:00:00,0.13533999,193,0.12243758555915621,0.14798099,-0.025543402466509074
2015-07-13 12:00:00,0.12356095,194,0.12254992201924324,0.15456857,-0.03201864585280419
2015-07-14 12:00:00,0.13331334,195,0.12643269300460816,0.14901066,-0.022577965259551996
2015-07-15 12:00:00,0.13793269,196,0.12796924486756325,0.15113707,-0.023167824000120157
2015-07-16 12:00:00,0.11337038,197,0.12546063363552093,0.14793977,-0.02247913777828217
2015-07-17 12:00:00,,198,0.12700165228711235,0.15029368,-0.023292025758160473
2015-07-18 12:00:00,0.16085435,199,0.1313287773066097,0.14713536,-0.015806584722465933
2015-07-19 12:00:00,0.16218857,200,0.13380386018090779,0.14855132,-0.014747454888290823
2015-07-20 12:00:00,0.15980794,201,0.1393262901239925,0.13800348,0.0013228067093425389
2015-07-21 12:00:00,0.14404139,202,0.1411566229330169,0.14030196,0.0008546652065383187
2015-07-22 12:00:00,0.16397268,203,0.14433803243769538,0.14557737,-0.001239338682757496
2015-07-23 12:00:00,0.14567207,204,0.14679482330878577,0.14173962,0.005055201550324767
2015-07-24 12:00:00,0.11232811,205,0.14446313099728691,0.13674207,0.007721060680018543
2015-07-25 12:00:00,0.12349287,206,0.14285870641469955,0.13692208,0.005936630070209503
2015-07-26 12:00:00,0.13801599,207,0.14559710688061184,0.15447336,-0.008876257472568094
2015-07-27 12:00:00,0.13257425,208,0.14429482072591782,0.13872933,0.00556548684835434
2015-07-28 12:00:00,0.15356904,209,0.14356628954410552,0.14153592,0.002030366659164423
2015-07-29 12:00:00,0.1363258,210,0.14098001271486282,0.14378485,-0.0028048381209373474
2015-07-30 12:00:00,0.13638158,211,0.13863737732172013,0.13714087,0.0014965072274208124
2015-07-31 12:00:00,0.112404674,212,0.13547370582818985,0.13496916,0.0005045458674430847
2015-08-01 12:00:00,0.13818698,213,0.1328951358795166,0.1300208,0.0028743386268615667
2015-08-02 12:00:00,0.13668498,214,0.1319964274764061,0.14151715,-0.009520719945430745
2015-08-03 12:00:00,0.12297442,215,0.1330610580742359,0.12886053,0.00420052483677863
2015-08-04 12:00:00,0.13157243,216,0.13386901393532752,0.13507284,-0.0012038283050060383
2015-08-05 12:00:00,0.11515203,217,0.13158261850476266,0.12868367,0.002898947149515163
2015-08-06 12:00:00,0.11941994,218,0.1302671879529953,0.12760268,0.002664506435394287
2015-08-07 12:00:00,0.09961213,219,0.12487149685621261,0.13374633,-0.008874829113483432
2015-08-08 12:00:00,0.10940708,220,0.12217962443828582,0.12899292,-0.006813290715217593
2015-08-09 12:00:00,0.11864886,221,0.12040635198354721,0.13119048,-0.010784126818180084
2015-08-10 12:00:00,0.13043474,222,0.12220935821533203,0.12736617,-0.005156812071800229
2015-08-11 12:00:00,0.12225806,223,0.12061646655201912,0.13025206,-0.009635596722364428
2015-08-12 12:00:00,0.1361608,224,0.12056404873728752,0.12690082,-0.006336773186922079
2015-08-13 12:00:00,0.11388104,225,0.11965471059083939,0.12629405,-0.006639336049556729
2015-08-14 12:00:00,0.09578599,226,0.11607606709003448,0.12029237,-0.004216305911540985
2015-08-15 12:00:00,0.13187733,227,0.11774859726428985,0.11773699,1.1609494686121158e-05
2015-08-16 12:00:00,0.13821466,228,0.11962806954979896,0.12634286,-0.006714793294668203
2015-08-17 12:00:00,0.13110445,229,0.1227773018181324,0.1207577,0.002019602805376053
2015-08-18 12:00:00,0.16680957,230,0.1285175509750843,0.12799847,0.0005190797150134985
2015-08-19 12:00:00,0.12783502,231,0.1294361673295498,0.122881286,0.006554881483316427
2015-08-20 12:00:00,0.13792206,232,0.13018490001559258,0.12962584,0.0005590580403804779
2015-08-21 12:00:00,0.14657097,233,0.13261619061231614,0.12610762,0.006508572399616247
2015-08-22 12:00:00,0.14778766,234,0.1337788760662079,0.13803422,-0.00425534844398498
2015-08-23 12:00:00,0.13892469,235,0.136283241212368,0.1377682,-0.0014849528670310974
2015-08-24 12:00:00,0.1277233,236,0.13947697281837462,0.14141513,-0.0019381612539291493
2015-08-25 12:00:00,0.15407866,237,0.14169710576534272,0.12603457,0.015662533044815075
2015-08-26 12:00:00,0.13416065,238,0.1412917047739029,0.14522703,-0.0039353251457214244
2015-08-27 12:00:00,0.13519101,239,0.14170036017894744,0.14944483,-0.007744473218917858
2015-08-28 12:00:00,0.1500538,240,0.14002478271722793,0.15051888,-0.010494096577167517
2015-08-29 12:00:00,0.14361802,241,0.14160308241844177,0.1517701,-0.010167017579078674
2015-08-30 12:00:00,0.120288685,242,0.1398397445678711,0.14100519,-0.0011654436588287298
2015-08-31 12:00:00,0.14782518,243,0.1399651661515236,0.15705961,-0.01709444373846053
2015-09-01 12:00:00,0.18562274,244,0.14374867379665374,0.1348131,0.008935573697090138
2015-09-02 12:00:00,0.13890083,245,0.1437462881207466,0.141397,0.0023492887616157476
2015-09-03 12:00:00,0.11697276,246,0.14267123341560364,0.157315,-0.014643767476081843
2015-09-04 12:00:00,0.13133936,247,0.1403973028063774,0.14278199,-0.002384684979915619
2015-09-05 12:00:00,0.1407527,248,0.14105650782585144,0.15626027,-0.01520375907421112
2015-09-06 12:00:00,0.12123983,249,0.13966139033436775,0.1519004,-0.012239005416631699
2015-09-07 12:00:00,0.15916465,250,0.14057247564196587,0.16519362,-0.024621141701936716
2015-09-08 12:00:00,0.14284724,251,0.14049539789557458,0.1652146,-0.024719200283288945
2015-09-09 12:00:00,0.12359426,252,0.14082595556974412,0.17137599,-0.030550034344196314
2015-09-10 12:00:00,0.14971974,253,0.14101541191339492,0.16883884,-0.027823431789875036
2015-09-11 12:00:00,0.13339399,254,0.1357925370335579,0.16686703,-0.031074495613574976
2015-09-12 12:00:00,0.133324,255,0.13523485362529755,0.1676229,-0.032388040423393244
2015-09-13 12:00:00,0.15076299,256,0.13861387670040132,0.18125947,-0.042645591497421254
2015-09-14 12:00:00,0.18783765,257,0.14426370561122895,0.1945393,-0.05027558803558349
2015-09-15 12:00:00,0.1627608,258,0.14646451473236083,0.21420695,-0.06774243414402009
2015-09-16 12:00:00,0.3561547,259,0.1699560023844242,0.23211169,-0.06215569004416466
2015-09-17 12:00:00,0.26407295,260,0.18044683262705802,0.22762647,-0.04717964008450509
2015-09-18 12:00:00,0.2330311,261,0.18946521803736688,0.23051277,-0.04104754999279975
2015-09-19 12:00:00,0.21248488,262,0.1983542799949646,0.22309914,-0.024744862318038935
2015-09-20 12:00:00,0.2059878,263,0.20398108512163163,0.22335371,-0.019372628629207606
2015-09-21 12:00:00,0.16357185,264,0.20699887126684188,0.22350381,-0.016504941880702978
2015-09-22 12:00:00,0.17493154,265,0.2111596256494522,0.22417666,-0.013017034530639654
2015-09-23 12:00:00,0.16534811,266,0.21261813789606093,0.22469865,-0.012080509960651409
2015-09-24 12:00:00,0.15872823,267,0.2097071960568428,0.23496915,-0.025261957943439495
2015-09-25 12:00:00,0.15798354,268,0.20922947078943252,0.22326708,-0.014037607610225683
2015-09-26 12:00:00,0.15108512,269,0.18872251212596894,0.21399032,-0.025267803668975825
2015-09-27 12:00:00,0.16005708,270,0.17832092493772506,0.21629143,-0.03797050267457963
2015-09-28 12:00:00,0.15309992,271,0.17032780796289443,0.22335252,-0.0530247136950493
2015-09-29 12:00:00,0.14189105,272,0.16326842457056046,0.21668711,-0.05341868847608566
2015-09-30 12:00:00,0.18394442,273,0.16106408685445786,0.21051738,-0.0494532898068428
2015-10-01 12:00:00,0.16119891,274,0.16082679331302643,0.22752136,-0.06669456660747528
2015-10-02 12:00:00,0.1604205,275,0.15937568992376328,0.21836643,-0.05899073928594589
2015-10-03 12:00:00,0.15848234,276,0.15868911296129226,0.22464703,-0.06595791727304459
2015-10-04 12:00:00,0.19009128,277,0.16182541847229004,0.21582069,-0.05399526655673981
2015-10-05 12:00:00,0.3377236,278,0.17979942560195922,0.2310855,-0.05128606855869294
2015-10-06 12:00:00,0.36850953,279,0.20154186636209487,0.22444333,-0.022901464998722088
2015-10-07 12:00:00,0.27758682,280,0.2132948398590088,0.21573085,-0.002436006069183344
2015-10-08 12:00:00,0.28330326,281,0.22631517350673674,0.21373194,0.012583228945732106
2015-10-09 12:00:00,0.27029237,282,0.2391553059220314,0.21444227,0.024713037908077246
2015-10-10 12:00:00,0.24788497,283,0.2455493614077568,0.20218302,0.043366338312625874
2015-10-11 12:00:00,0.35792667,284,0.2652221366763115,0.23270407,0.03251806348562242
2015-10-12 12:00:00,0.35846478,285,0.2850265637040138,0.22070266,0.06432390064001081
2015-10-13 12:00:00,0.38104144,286,0.3072824731469154,0.21077365,0.09650882631540297
2015-10-14 12:00:00,0.34422612,287,0.32269595712423327,0.24977106,0.07292489856481554
2015-10-15 12:00:00,0.298789,288,0.3188024953007698,0.26918527,0.04961722046136857
2015-10-16 12:00:00,0.31369027,289,0.3133205696940422,0.270501,0.04281958192586899
2015-10-17 12:00:00,0.31506026,290,0.317067913711071,0.28497446,0.032093457877635956
2015-10-18 12:00:00,0.392365,291,0.3279740884900093,0.31070825,0.017265833914279938
2015-10-19 12:00:00,0.3950868,292,0.34045353084802626,0.30353272,0.03692081123590468
2015-10-20 12:00:00,0.40865833,293,0.35653086602687833,0.33082974,0.02570112645626066
2015-10-21 12:00:00,0.36357352,294,0.3570955514907837,0.33849204,0.01860351562500001
2015-10-22 12:00:00,0.35554114,295,0.3568031877279282,0.3311898,0.025613376498222373
2015-10-23 12:00:00,0.34998652,296,0.35369769632816317,0.3397465,0.013951191306114219
2015-10-24 12:00:00,0.34337643,297,0.35361272692680357,0.34023115,0.013381576538085915
2015-10-25 12:00:00,0.41363126,298,0.3650969535112381,0.3398163,0.025280651450157177
2015-10-26 12:00:00,0.40777168,299,0.3745050936937332,0.3385588,0.035946300625801064
2015-10-27 12:00:00,0.3898302,300,0.38198208808898926,0.3363659,0.04561617970466614
2015-10-28 12:00:00,0.39681867,301,0.382427453994751,0.3254307,0.05699676275253296
2015-10-29 12:00:00,0.41095355,302,0.3840141296386719,0.35444885,0.029565274715423584
2015-10-30 12:00:00,0.40236223,303,0.38338451981544497,0.34866098,0.034723544120788596
2015-10-31 12:00:00,0.420605,304,0.3890876680612564,0.37075877,0.018328896164894082
2015-11-01 12:00:00,0.3961612,305,0.3931496739387512,0.35243005,0.04071962833404541
2015-11-02 12:00:00,,306,0.3979455795552995,0.3528227,0.045122888353135826
2015-11-03 12:00:00,0.43152037,307,0.40773935119311017,0.3758835,0.03185586134592694
2015-11-04 12:00:00,0.41468263,308,0.40785616967413163,0.36182922,0.04602694842550492
2015-11-05 12:00:00,0.45379826,309,0.4129702349503835,0.36367443,0.04929580291112262
2015-11-06 12:00:00,0.46537155,310,0.421363717979855,0.35966298,0.0617007381386227
2015-11-07 12:00:00,0.4014857,311,0.4218822783894009,0.36376706,0.05811522073215908
2015-11-08 12:00:00,0.39225376,312,0.41980452338854474,0.3771041,0.04270041982332867
2015-11-09 12:00:00,0.38586307,313,0.41797128319740295,0.38398263,0.03398865461349487
2015-11-10 12:00:00,0.3571896,314,0.41092512673801845,0.35275054,0.05817458695835537
2015-11-11 12:00:00,0.35829845,315,0.4067181547482808,0.36016223,0.04655592640240985
2015-11-12 12:00:00,0.35396224,316,0.40144256353378294,0.3595915,0.04185104966163633
2015-11-13 12:00:00,0.347208,317,0.3930113255977631,0.3596434,0.0333679258823395
2015-11-14 12:00:00,0.33647156,318,0.3851902186870575,0.35756534,0.02762487530708313
2015-11-15 12:00:00,0.33650634,319,0.37346102595329284,0.35579035,0.017670679092407215
2015-11-16 12:00:00,0.33799583,320,0.3607234537601471,0.35293368,0.00778977870941161
2015-11-17 12:00:00,0.32392493,321,0.3529673755168915,0.35801497,-0.005047595500946023
2015-11-18 12:00:00,0.33643493,322,0.34738549292087556,0.33542517,0.01196032464504243
2015-11-19 12:00:00,0.31774905,323,0.3405740916728973,0.3313061,0.009267991781234719
2015-11-20 12:00:00,0.3393173,324,0.3387868613004684,0.34407833,-0.005291470885276817
2015-11-21 12:00:00,0.30892086,325,0.33384910225868225,0.35562962,-0.02178052067756653
2015-11-22 12:00:00,,326,0.33161430888705784,0.36348972,-0.03187540835804409
2015-11-23 12:00:00,,327,0.32966509833931923,0.3509741,-0.021309014409780502
2015-11-24 12:00:00,,328,0.3286927470139095,0.36400625,-0.03531350408281597
2015-11-25 12:00:00,0.3150457,329,0.32562694379261564,0.36372176,-0.03809481433459688
2015-11-26 12:00:00,0.31213966,330,0.321933205638613,0.36978522,-0.047852013792310466
2015-11-27 12:00:00,0.31989658,331,0.32135772705078125,0.3540092,-0.03265148401260376
2015-11-28 12:00:00,0.30205485,332,0.31644628729139057,0.3752758,-0.05882950339998516
2015-11-29 12:00:00,,333,0.3162291596333186,0.37872198,-0.06249282260735828
2015-11-30 12:00:00,,334,0.311611533164978,0.36825508,-0.056643545627593994
2015-12-01 12:00:00,,335,0.3122842013835907,0.4031116,-0.09082740545272827
2015-12-02 12:00:00,0.35609272,336,0.3210459053516388,0.38178217,-0.060736268758773804
2015-12-03 12:00:00,0.2886738,337,0.3156505525112152,0.35388464,-0.03823408484458923
2015-12-04 12:00:00,0.30898502,338,0.3146983342511313,0.386739,-0.07204065152576994
2015-12-05 12:00:00,0.3010235,339,0.3126951626368931,0.37170398,-0.05900881971631733
2015-12-06 12:00:00,0.30249095,340,0.3113167754241398,0.38722318,-0.0759064086845943
2015-12-07 12:00:00,0.28505832,341,0.3063398812498365,0.3632648,-0.05692491786820547
2015-12-08 12:00:00,0.30064893,342,0.3061390348843166,0.36811972,-0.06198068175997051
2015-12-09 12:00:00,0.2894715,343,0.3040555939078331,0.37827137,-0.07421577721834183
2015-12-10 12:00:00,0.29076636,344,0.30257901218202377,0.36332893,-0.06074992153379655
2015-12-11 12:00:00,0.29318368,345,0.30163947939872743,0.39113528,-0.08949579596519469
2015-12-12 12:00:00,0.27490535,346,0.29352074265480044,0.3816224,-0.08810166120529173
2015-12-13 12:00:00,0.29937693,347,0.2945910573005676,0.39665878,-0.10206772089004518
2015-12-14 12:00:00,0.37165564,348,0.3008581191301346,0.36300632,-0.062148204445838906
2015-12-15 12:00:00,0.43062904,349,0.3138186722993851,0.39022985,-0.07641117870807645
2015-12-16 12:00:00,,350,0.31507730815145707,0.37832853,-0.06325122382905746
2015-12-17 12:00:00,,351,0.3188296817243099,0.387156,-0.06832632794976234
2015-12-18 12:00:00,0.3988528,352,0.33110516518354416,0.3737697,-0.042664535343647
2015-12-19 12:00:00,0.34011573,353,0.33743569254875183,0.3839858,-0.046550095081329346
2015-12-20 12:00:00,,354,0.34410274028778076,0.4497578,-0.10565507411956787
2015-12-21 12:00:00,,355,0.3525892496109009,0.4269549,-0.07436564564704895
2015-12-22 12:00:00,,356,0.36812602877616885,0.42391795,-0.05579192042350767
2015-12-23 12:00:00,0.3520644,357,0.3786635220050812,0.40459636,-0.025932836532592762
2015-12-24 12:00:00,,358,0.38041549175977707,0.41222954,-0.03181404620409012
2015-12-25 12:00:00,,359,0.36367764075597125,0.42910507,-0.06542743245760602
2015-12-26 12:00:00,,360,0.36367764075597125,0.40299073,-0.03931308786074322
2015-12-27 12:00:00,,361,0.36367764075597125,0.40802148,-0.04434383908907574
2015-12-28 12:00:00,0.38439855,362,0.35885955890019733,0.3838836,-0.02502403656641644
2015-12-29 12:00:00,,363,0.36823147535324097,0.39591962,-0.027688145637512207
2015-12-30 12:00:00,,364,0.36823147535324097,0.39280036,-0.024568885564804077
2015-12-31 12:00:00,,365,0.36823147535324097,0.38301083,-0.014779359102249146
2016-01-01 12:00:00,0.3769454,1,0.3711361189683278,0.3864723,-0.015336195627848326
2016-01-02 12:00:00,,2,0.38067197799682617,0.40218058,-0.021508604288101196
2016-01-03 12:00:00,,3,0.38067197799682617,0.3910916,-0.010419607162475586
2016-01-04 12:00:00,0.4524779,4,0.40460728605588275,0.39495927,0.009648015101750673
2016-01-05 12:00:00,,5,0.40460728605588275,0.3713293,0.03327797849973041
2016-01-06 12:00:00,,6,0.40460728605588275,0.36444905,0.04015823205312091
2016-01-07 12:00:00,0.4412229,7,0.42354873816172284,0.41802442,0.005524317423502623
2016-01-08 12:00:00,0.5029874,8,0.44340839982032776,0.4172373,0.026171088218688965
2016-01-09 12:00:00,0.43798885,9,0.4423244893550873,0.4056448,0.03667968511581421
2016-01-10 12:00:00,0.44856673,10,0.44336486359437305,0.38533783,0.0580270340045293
2016-01-11 12:00:00,,11,0.45664875507354735,0.3886183,0.06803046464920043
2016-01-12 12:00:00,0.41854304,12,0.4502978026866913,0.37092325,0.07937455177307129
2016-01-13 12:00:00,,13,0.4502978026866913,0.38340485,0.06689295172691345
2016-01-14 12:00:00,0.39741692,14,0.4411209722359975,0.38811454,0.05300643046696979
2016-01-15 12:00:00,0.42911914,15,0.4394064247608185,0.38860998,0.050796449184417725
2016-01-16 12:00:00,,16,0.4394064247608185,0.38802296,0.05138346552848816
2016-01-17 12:00:00,,17,0.4391036778688431,0.38275933,0.05634434521198273
2016-01-18 12:00:00,0.4050901,18,0.4227874626715978,0.3798885,0.04289895792802173
2016-01-19 12:00:00,,19,0.4197471857070923,0.3720979,0.04764927625656129
2016-01-20 12:00:00,0.47030896,20,0.42409563064575195,0.4105781,0.013517528772354126
2016-01-21 12:00:00,,21,0.42409563064575195,0.40732408,0.016771554946899414
2016-01-22 12:00:00,0.46844757,22,0.4340765357017517,0.40736237,0.02671416401863097
2016-01-23 12:00:00,0.4480003,23,0.43639716506004333,0.39973465,0.036662518978118896
2016-01-24 12:00:00,0.42789578,24,0.4414769758780797,0.39047927,0.050997709234555544
2016-01-25 12:00:00,0.4122994,25,0.4386736849943797,0.37558076,0.06309292713801068
2016-01-26 12:00:00,,26,0.4386736849943797,0.4056438,0.03302989403406781
2016-01-27 12:00:00,,27,0.4386736849943797,0.39556965,0.04310403267542523
2016-01-28 12:00:00,,28,0.44539040327072144,0.37254143,0.07284897565841675
2016-01-29 12:00:00,,29,0.44539040327072144,0.38716748,0.05822291970252991
2016-01-30 12:00:00,0.38955337,30,0.42923928499221803,0.40357998,0.02565930485725404
2016-01-31 12:00:00,0.43873647,31,0.43082214891910553,0.40741593,0.023406222462654114
2016-02-01 12:00:00,0.4340989,32,0.42509737114111584,0.41167966,0.013417715827624022
2016-02-02 12:00:00,,33,0.4205167829990387,0.38835484,0.03216194510459902
2016-02-03 12:00:00,,34,0.41867203265428543,0.37754154,0.041130490601062775
2016-02-04 12:00:00,,35,0.4207962453365326,0.38968793,0.031108319759368896
2016-02-05 12:00:00,0.37073222,36,0.40828023850917816,0.3883758,0.019904449582099915
2016-02-06 12:00:00,0.39045012,37,0.4047142148017883,0.3859026,0.018811601400375355
2016-02-07 12:00:00,,38,0.4047142148017883,0.3803881,0.024326103925704945
2016-02-08 12:00:00,0.39732093,39,0.40348200003306073,0.37012216,0.03335983554522198
2016-02-09 12:00:00,0.45363042,40,0.41416150828202564,0.39988688,0.01427463193734485
2016-02-10 12:00:00,0.43337154,41,0.4132673541704814,0.3737662,0.03950114051500958
2016-02-11 12:00:00,0.44238177,42,0.41464783251285553,0.3907012,0.023946627974510193
2016-02-12 12:00:00,0.48067227,43,0.42407989501953125,0.3791652,0.044914692640304565
2016-02-13 12:00:00,0.5150108,44,0.43544625490903854,0.38245866,0.05298759788274765
2016-02-14 12:00:00,0.41211283,45,0.4328536523713006,0.37128645,0.06156720055474174
2016-02-15 12:00:00,,46,0.4406188316643238,0.3670705,0.0735483355820179
2016-02-16 12:00:00,,47,0.4477857904774802,0.35659084,0.09119495323726107
2016-02-17 12:00:00,,48,0.4477857904774802,0.35714054,0.09064524940082003
2016-02-18 12:00:00,,49,0.4561966011921565,0.33947995,0.11671664814154309
2016-02-19 12:00:00,,50,0.45670983791351316,0.33928862,0.11742121577262876
2016-02-20 12:00:00,,51,0.46254441142082214,0.3627164,0.09982800483703613
2016-02-21 12:00:00,,52,0.46926529208819073,0.34647006,0.12279523412386578
2016-02-22 12:00:00,0.3641665,53,0.4304300347963969,0.35201713,0.07841290036837262
2016-02-23 12:00:00,,54,0.38813966512680054,0.3525628,0.03557687997817993
2016-02-24 12:00:00,,55,0.3641664981842041,0.35007006,0.014096438884735107
2016-02-25 12:00:00,,56,0.3641664981842041,0.3392118,0.02495470643043518
2016-02-26 12:00:00,,57,0.3641664981842041,0.34654975,0.017616748809814453
2016-02-27 12:00:00,,58,0.3641664981842041,0.33415344,0.030013054609298706
2016-02-28 12:00:00,,59,0.3641664981842041,0.3433372,0.02082929015159607
2016-02-29 12:00:00,,60,0.3641664981842041,0.3592928,0.004873692989349365
2016-03-01 12:00:00,,61,0.3641664981842041,0.35127714,0.012889355421066284
2016-03-02 12:00:00,0.35983825,62,0.3620023727416992,0.35577622,0.006226152181625366
2016-03-03 12:00:00,,63,0.35983824729919434,0.3457021,0.014136135578155518
2016-03-04 12:00:00,,64,0.35983824729919434,0.3510044,0.008833855390548706
2016-03-05 12:00:00,,65,0.35983824729919434,0.37957877,-0.019740521907806396
2016-03-06 12:00:00,,66,0.35983824729919434,0.3632566,-0.00341835618019104
2016-03-07 12:00:00,,67,0.35983824729919434,0.3625015,-0.002663254737854004
2016-03-08 12:00:00,,68,0.35983824729919434,0.37195396,-0.012115716934204102
2016-03-09 12:00:00,,69,0.35983824729919434,0.36389956,-0.004061311483383179
2016-03-10 12:00:00,,70,0.35983824729919434,0.3726331,-0.012794852256774902
2016-03-11 12:00:00,,71,0.35983824729919434,0.38081348,-0.020975232124328613
2016-03-12 12:00:00,,72,,0.3562455,
2016-03-13 12:00:00,0.28750592,73,0.2875059247016907,0.33896935,-0.051463425159454346
2016-03-14 12:00:00,0.27790344,74,0.2827046811580658,0.34914234,-0.06643766164779663
2016-03-15 12:00:00,,75,0.2827046811580658,0.3434946,-0.060789912939071655
2016-03-16 12:00:00,0.35634303,76,0.3072507977485657,0.34721887,-0.03996807336807251
2016-03-17 12:00:00,0.3053188,77,0.3067677989602089,0.33943242,-0.032664619386196136
2016-03-18 12:00:00,,78,0.3067677989602089,0.3450849,-0.038317106664180756
2016-03-19 12:00:00,,79,0.3067677989602089,0.34169653,-0.03492873162031174
2016-03-20 12:00:00,,80,0.3067677989602089,0.33875456,-0.03198676556348801
2016-03-21 12:00:00,,81,0.3067677989602089,0.35492712,-0.04815932363271713
2016-03-22 12:00:00,0.44090542,82,0.33359532356262206,0.36323926,-0.029643934965133678
2016-03-23 12:00:00,0.39240894,83,0.35457592606544497,0.36069483,-0.006118899583816506
2016-03-24 12:00:00,0.39400822,84,0.377796882390976,0.3709216,0.0068752706050873025
2016-03-25 12:00:00,0.37325177,85,0.3770393629868825,0.3686362,0.00840317209561664
2016-03-26 12:00:00,0.4207115,86,0.38776743908723194,0.35829222,0.02947521706422168
2016-03-27 12:00:00,0.4356715,87,0.40949289004007977,0.37313136,0.036361525456110655
2016-03-28 12:00:00,0.36828452,88,0.40360598053250996,0.3549411,0.0486648806503841
2016-03-29 12:00:00,0.42453197,89,0.406221728771925,0.35757586,0.04864586517214775
2016-03-30 12:00:00,0.4002935,90,0.4055630366007487,0.3558557,0.04970733324686688
2016-03-31 12:00:00,0.4028796,91,0.4052946925163269,0.3544805,0.05081418752670286
2016-04-01 12:00:00,,92,0.40133794479899937,0.35583833,0.04549961619906956
2016-04-02 12:00:00,0.34475204,93,0.39604273438453674,0.35406494,0.04197779297828674
2016-04-03 12:00:00,,94,0.39629704877734184,0.35484082,0.04145623371005058
2016-04-04 12:00:00,,95,0.3995892320360456,0.3541897,0.045399538108280735
2016-04-05 12:00:00,0.37928006,96,0.3936704567500523,0.37724918,0.016421275479452935
2016-04-06 12:00:00,0.4345435,97,0.39350931133542744,0.38376752,0.00974179591451374
2016-04-07 12:00:00,0.43187413,98,0.40259354029382977,0.37126312,0.03133042369570049
2016-04-08 12:00:00,0.3982024,99,0.39883217215538025,0.3731911,0.02564108371734619
2016-04-09 12:00:00,0.39131004,100,0.39754882029124666,0.39947268,-0.0019238633768899338
2016-04-10 12:00:00,,101,0.39666035771369934,0.4066782,-0.010017842054367065
2016-04-11 12:00:00,,102,0.39666035771369934,0.37182865,0.024831712245941162
2016-04-12 12:00:00,0.4075234,103,0.40712224940458935,0.3634725,0.04364975790182751
2016-04-13 12:00:00,0.42043045,104,0.4090234211512974,0.3785857,0.030437724930899468
2016-04-14 12:00:00,0.3943922,105,0.40719451755285263,0.37482834,0.032366178929805756
2016-04-15 12:00:00,0.51106924,106,0.42366816475987434,0.38340855,0.04025961831212044
2016-04-16 12:00:00,,107,0.42211454680987764,0.36466676,0.05744778684207369
2016-04-17 12:00:00,0.41829488,108,0.4201746540410178,0.3620403,0.058134342942919026
2016-04-18 12:00:00,0.4130184,109,0.4222912277494158,0.3637924,0.058498838118144436
2016-04-19 12:00:00,,110,0.42745475967725116,0.3489082,0.07854657371838886
2016-04-20 12:00:00,,111,0.42745475967725116,0.3273567,0.10009806354840595
2016-04-21 12:00:00,0.29931766,112,0.40914945943014963,0.370706,0.038443467446735935
2016-04-22 12:00:00,0.4549469,113,0.4159242468220847,0.38126603,0.03465821913310457
2016-04-23 12:00:00,0.44544503,114,0.4194977581501007,0.37284434,0.046653419733047485
2016-04-24 12:00:00,0.43999818,115,0.4260128991944449,0.38106364,0.04494925907679964
2016-04-25 12:00:00,0.41088605,116,0.41170101506369455,0.373349,0.0383520041193281
2016-04-26 12:00:00,0.4178167,117,0.41246547549963,0.36050975,0.05195572227239609
2016-04-27 12:00:00,0.40494907,118,0.41079724952578545,0.34435433,0.06644291803240776
2016-04-28 12:00:00,0.38847673,119,0.40772954002022743,0.3453494,0.06238013878464699
2016-04-29 12:00:00,0.40733087,120,0.4076852434211307,0.35340473,0.05428051286273533
2016-04-30 12:00:00,0.4202424,121,0.4089409589767456,0.35873884,0.05020211935043334
2016-05-01 12:00:00,0.38892367,122,0.41790156066417694,0.34515187,0.07274968922138214
2016-05-02 12:00:00,0.3799058,123,0.41039744913578036,0.3272901,0.08310736119747164
2016-05-03 12:00:00,0.38948315,124,0.4048012614250183,0.32367495,0.0811263144016266
2016-05-04 12:00:00,0.36976564,125,0.3977780073881149,0.34570587,0.05207214057445525
2016-05-05 12:00:00,0.343808,126,0.3910702019929886,0.32496586,0.06610433757305145
2016-05-06 12:00:00,0.50489926,127,0.3997784584760666,0.33617115,0.06360730826854705
2016-05-07 12:00:00,0.41351876,128,0.400635427236557,0.34259048,0.058044946193695046
2016-05-08 12:00:00,,129,0.4019863936636183,0.3237114,0.07827499839994645
2016-05-09 12:00:00,,130,0.40131833404302597,0.33385935,0.06745897978544235
2016-05-10 12:00:00,,131,0.39861489619527546,0.3284437,0.07017119015966145
2016-05-11 12:00:00,,132,0.4002300997575124,0.31607383,0.08415626486142475
2016-05-12 12:00:00,0.49489743,133,0.4193953722715378,0.31999946,0.09939591586589813
2016-05-13 12:00:00,0.42013586,134,0.42450415591398877,0.3217737,0.10273044804732007
2016-05-14 12:00:00,0.44913635,135,0.43773260712623596,0.30763957,0.1300930380821228
2016-05-15 12:00:00,0.4585713,136,0.456859827041626,0.31382653,0.14303329586982727
2016-05-16 12:00:00,0.4599741,137,0.4493723014990489,0.29337522,0.1559970776240031
2016-05-17 12:00:00,0.43119603,138,0.45231851438681286,0.29360393,0.15871458748976391
2016-05-18 12:00:00,0.46668312,139,0.4543706008366176,0.27909195,0.17527864660535541
2016-05-19 12:00:00,0.44366112,140,0.45303191617131233,0.27549893,0.17753298953175545
2016-05-20 12:00:00,0.44740868,141,0.4524071117242177,0.29265648,0.15975063045819599
2016-05-21 12:00:00,0.42780322,142,0.4499467223882675,0.29045328,0.15949343740940092
2016-05-22 12:00:00,0.40426105,143,0.4408830851316452,0.28784874,0.15303434431552887
2016-05-23 12:00:00,0.37826493,144,0.43669599294662476,0.29655153,0.1401444673538208
2016-05-24 12:00:00,0.356275,145,0.4274098575115204,0.28669652,0.14071333408355713
2016-05-25 12:00:00,0.3759182,146,0.4191445469856262,0.2839278,0.135216748714447
2016-05-26 12:00:00,0.44263572,147,0.41741070747375486,0.2766432,0.14076752066612241
2016-05-27 12:00:00,0.35642037,148,0.409933140873909,0.26753294,0.14240019619464872
2016-05-28 12:00:00,0.39204526,149,0.40246935486793517,0.28073576,0.12173359394073485
2016-05-29 12:00:00,0.41941804,150,0.400045046210289,0.282176,0.11786905825138094
2016-05-30 12:00:00,0.35894486,151,0.39119866490364075,0.267062,0.12413665652275085
2016-05-31 12:00:00,0.3863025,152,0.3870485931634903,0.26377013,0.12327845990657804
2016-06-01 12:00:00,0.4011325,153,0.386735737323761,0.26343393,0.12330180406570435
2016-06-02 12:00:00,0.33886,154,0.3827952444553375,0.24920358,0.1335916668176651
2016-06-03 12:00:00,0.35826045,155,0.3829937905073166,0.2545854,0.12840840518474578
2016-06-04 12:00:00,0.29264727,156,0.37466669678688047,0.23397146,0.14069523513317106
2016-06-05 12:00:00,0.3197496,157,0.36237808465957644,0.24298702,0.11939106285572054
2016-06-06 12:00:00,0.30920732,158,0.35765677988529204,0.25036046,0.10729632079601287
2016-06-07 12:00:00,0.3343882,159,0.35189107358455657,0.2602583,0.09163278639316558
2016-06-08 12:00:00,0.311587,160,0.3411079704761505,0.24395096,0.09715700745582578
2016-06-09 12:00:00,0.3398956,161,0.33920304477214813,0.24201131,0.09719173610210419
2016-06-10 12:00:00,0.30284452,162,0.3308572471141815,0.2494276,0.08142964541912079
2016-06-11 12:00:00,0.2718611,163,0.3179301083087921,0.23929234,0.07863776981830595
2016-06-12 12:00:00,0.27602637,164,0.3116467446088791,0.23142806,0.08021868765354156
2016-06-13 12:00:00,0.32385862,165,0.3082065612077713,0.25370026,0.05450630486011504
2016-06-14 12:00:00,0.2686416,166,0.30580599308013917,0.23918368,0.06662231385707856
2016-06-15 12:00:00,0.26327384,167,0.300158417224884,0.24561907,0.05453934371471403
2016-06-16 12:00:00,0.22208615,168,0.2914462998509407,0.21150397,0.07994233220815661
2016-06-17 12:00:00,0.18857525,169,0.27686500549316406,0.20218836,0.07467664778232574
2016-06-18 12:00:00,0.24889185,170,0.27059548944234846,0.21059585,0.059999643266201
2016-06-19 12:00:00,0.24756767,171,0.26136269569396975,0.21002267,0.05134002268314364
2016-06-20 12:00:00,0.2934282,172,0.26042106449604036,0.2092912,0.05112985968589784
2016-06-21 12:00:00,0.25864986,173,0.2590999394655228,0.21171898,0.04738096296787264
2016-06-22 12:00:00,0.21888344,174,0.2533856466412544,0.20073542,0.0526502266526222
2016-06-23 12:00:00,0.22461477,175,0.24346126168966292,0.19126664,0.05219462066888808
2016-06-24 12:00:00,0.19280726,176,0.23587782829999923,0.20946647,0.02641135603189468
2016-06-25 12:00:00,0.22777013,177,0.23232745826244355,0.19503342,0.037294042110443126
2016-06-26 12:00:00,0.22326212,178,0.23244505524635314,0.17403437,0.0584106832742691
2016-06-27 12:00:00,0.2187942,179,0.23546694964170456,0.175508,0.059958942234516144
2016-06-28 12:00:00,0.21563627,180,0.23214139193296432,0.17673033,0.055411057174205774
2016-06-29 12:00:00,0.22609766,181,0.22999439090490342,0.17583379,0.054160599410533916
2016-06-30 12:00:00,0.20104185,182,0.22075575441122056,0.1712311,0.04952464848756791
2016-07-01 12:00:00,0.19662538,183,0.21455330699682235,0.17107482,0.04347848445177077
2016-07-02 12:00:00,0.18010576,184,0.21067553907632827,0.18684325,0.023832292854785914
2016-07-03 12:00:00,0.19793361,185,0.20800742357969285,0.16736437,0.04064304977655411
2016-07-04 12:00:00,0.15890177,186,0.20461687445640564,0.16400291,0.040613964200019836
2016-07-05 12:00:00,0.19693837,187,0.2015336975455284,0.15672751,0.044806189835071564
2016-07-06 12:00:00,0.2404322,188,0.2032507061958313,0.16125287,0.04199783504009247
2016-07-07 12:00:00,0.2512995,189,0.20650123655796052,0.17356035,0.03294088542461396
2016-07-08 12:00:00,0.29275346,190,0.21421295553445815,0.16408993,0.05012302249670028
2016-07-09 12:00:00,0.23344693,191,0.21494788229465484,0.16080992,0.05413796305656432
2016-07-10 12:00:00,0.19865717,192,0.21470941454172135,0.15201591,0.06269350498914719
2016-07-11 12:00:00,0.18608232,193,0.21365510821342468,0.14798099,0.0656741201877594
2016-07-12 12:00:00,0.16669708,194,0.21231424063444138,0.15456857,0.05774567276239395
2016-07-13 12:00:00,0.15019792,195,0.2075406715273857,0.14901066,0.058530013263225544
2016-07-14 12:00:00,0.14414309,196,0.2060648038983345,0.15113707,0.0549277350306511
2016-07-15 12:00:00,0.15447189,197,0.2018181562423706,0.14793977,0.053878384828567494
2016-07-16 12:00:00,0.17454022,198,0.1952289581298828,0.15029368,0.04493528008460998
2016-07-17 12:00:00,0.16271839,199,0.18637084662914277,0.14713536,0.03923548460006715
2016-07-18 12:00:00,0.17360744,200,0.17445624470710755,0.14855132,0.02590492963790894
2016-07-19 12:00:00,0.17405926,201,0.16851747781038284,0.13800348,0.03051399439573288
2016-07-20 12:00:00,0.16419752,202,0.16507151275873183,0.14030196,0.024769555032253254
2016-07-21 12:00:00,0.1512361,203,0.16158689111471175,0.14557737,0.01600951999425887
2016-07-22 12:00:00,0.14460881,204,0.15937806367874147,0.14173962,0.017638441920280468
2016-07-23 12:00:00,0.14637041,205,0.1589953124523163,0.13674207,0.022253242135047924
2016-07-24 12:00:00,0.15030882,206,0.15961188524961473,0.13692208,0.022689808905124675
2016-07-25 12:00:00,0.1405844,207,0.15822313576936722,0.15447336,0.003749771416187292
2016-07-26 12:00:00,0.13107015,208,0.15387612879276275,0.13872933,0.015146794915199269
2016-07-27 12:00:00,0.1422333,209,0.1518276199698448,0.14153592,0.010291697084903711
2016-07-28 12:00:00,0.15489323,210,0.1499561995267868,0.14378485,0.006171348690986622
2016-07-29 12:00:00,0.14858967,211,0.14740924090147017,0.13714087,0.010268370807170857
2016-07-30 12:00:00,0.13471985,212,0.1444614738225937,0.13496916,0.00949231386184693
2016-07-31 12:00:00,0.13593324,213,0.14293118715286254,0.1300208,0.012910389900207514
2016-08-01 12:00:00,0.14194906,214,0.14266521185636521,0.14151715,0.001148064434528362
2016-08-02 12:00:00,0.12055298,215,0.14008346870541571,0.12886053,0.01122293546795844
2016-08-03 12:00:00,0.13873753,216,0.13892633989453315,0.13507284,0.0038534976541995947
2016-08-04 12:00:00,0.13211332,217,0.13807923272252082,0.12868367,0.00939556136727332
2016-08-05 12:00:00,0.13513857,218,0.1384860746562481,0.12760268,0.010883393138647085
2016-08-06 12:00:00,0.15159337,219,0.13942208215594293,0.13374633,0.005675756186246883
2016-08-07 12:00:00,0.11909356,220,0.13584211468696594,0.12899292,0.006849199533462524
2016-08-08 12:00:00,0.12799276,221,0.13378242403268814,0.13119048,0.002591945230960846
2016-08-09 12:00:00,0.13680576,222,0.133991014957428,0.12736617,0.0066248446702957264
2016-08-10 12:00:00,0.12047304,223,0.13244499564170836,0.13025206,0.002192932367324818
2016-08-11 12:00:00,0.12780392,224,0.13103048205375672,0.12690082,0.00412966012954713
2016-08-12 12:00:00,0.108461015,225,0.1298212856054306,0.12629405,0.003527238965034485
2016-08-13 12:00:00,0.13434471,226,0.12938200384378434,0.12029237,0.009089630842208873
2016-08-14 12:00:00,0.13008612,227,0.12917928397655487,0.11773699,0.011442296206951141
2016-08-15 12:00:00,0.110591866,228,0.12672461345791816,0.12634286,0.0003817506134509985
2016-08-16 12:00:00,0.10649404,229,0.12221468016505241,0.1207577,0.0014569811522960607
2016-08-17 12:00:00,0.12944056,230,0.12324938029050828,0.12799847,-0.004749090969562525
2016-08-18 12:00:00,0.141113,231,0.12456140369176864,0.122881286,0.0016801178455352755
2016-08-19 12:00:00,0.13145626,232,0.12402645349502564,0.12962584,-0.005599388480186457
2016-08-20 12:00:00,0.13304073,233,0.1252832219004631,0.12610762,-0.000824396312236797
2016-08-21 12:00:00,0.11485414,234,0.12398824393749237,0.13803422,-0.014045980572700498
2016-08-22 12:00:00,0.13808988,235,0.1269511304795742,0.1377682,-0.0108170635998249
2016-08-23 12:00:00,0.13436034,236,0.12695269361138345,0.14141513,-0.014462440460920323
2016-08-24 12:00:00,0.14980987,237,0.12892506793141364,0.12603457,0.002890495210885996
2016-08-25 12:00:00,0.12842889,238,0.1307087704539299,0.14522703,-0.014518259465694433
2016-08-26 12:00:00,0.15461116,239,0.13552048206329345,0.14944483,-0.013924351334571844
2016-08-27 12:00:00,0.18536922,240,0.14111334830522537,0.15051888,-0.009405530989170074
2016-08-28 12:00:00,0.17891864,241,0.14489391297101975,0.1517701,-0.006876187026500696
2016-08-29 12:00:00,0.15159339,242,0.14690762609243393,0.14100519,0.005902437865734106
2016-08-30 12:00:00,0.13683297,243,0.1472868502140045,0.15705961,-0.009772759675979625
2016-08-31 12:00:00,0.12260332,244,0.1480617679655552,0.1348131,0.013248667865991604
2016-09-01 12:00:00,0.12906983,245,0.14715976342558862,0.141397,0.0057627640664577595
2016-09-02 12:00:00,0.14330974,246,0.14805470332503318,0.157315,-0.009260297566652309
2016-09-03 12:00:00,0.1221278,247,0.14528649672865868,0.14278199,0.0025045089423656464
2016-09-04 12:00:00,0.14149782,248,0.14659338966012,0.15626027,-0.009666877239942556
2016-09-05 12:00:00,0.15081155,249,0.14621342942118645,0.1519004,-0.005686966329812998
2016-09-06 12:00:00,0.1498666,250,0.14266316667199136,0.16519362,-0.02253045067191123
2016-09-07 12:00:00,0.14048171,251,0.13881947323679925,0.1652146,-0.02639512494206428
2016-09-08 12:00:00,0.12791423,252,0.1364515580236912,0.17137599,-0.03492443189024924
2016-09-09 12:00:00,0.11698995,253,0.13446725606918336,0.16883884,-0.0343715876340866
2016-09-10 12:00:00,0.113645546,254,0.13357147872447966,0.16686703,-0.03329555392265321
2016-09-11 12:00:00,0.13742483,255,0.134406977891922,0.1676229,-0.033215916156768804
2016-09-12 12:00:00,0.14556746,256,0.13463274985551835,0.18125947,-0.046626718342304224
2016-09-13 12:00:00,0.3235572,257,0.15477568954229354,0.1945393,-0.0397636041045189
2016-09-14 12:00:00,0.2654355,258,0.16716945618391038,0.21420695,-0.04703749269247054
2016-09-15 12:00:00,0.21662596,259,0.17375089675188066,0.23211169,-0.05836079567670821
2016-09-16 12:00:00,0.22220932,260,0.18098516911268234,0.22762647,-0.04664130359888077
2016-09-17 12:00:00,0.21225226,261,0.1881622239947319,0.23051277,-0.04235054403543473
2016-09-18 12:00:00,0.18656923,262,0.19402772337198257,0.22309914,-0.02907141894102097
2016-09-19 12:00:00,0.1278576,263,0.19511448815464974,0.22335371,-0.028239225596189493
2016-09-20 12:00:00,0.16762534,264,0.20051246732473374,0.22350381,-0.02299134582281112
2016-09-21 12:00:00,0.1423514,265,0.20100512504577636,0.22417666,-0.023171535134315496
2016-09-22 12:00:00,0.13706951,266,0.20015532970428468,0.22469865,-0.024543318152427662
2016-09-23 12:00:00,0.16055746,267,0.1838553562760353,0.23496915,-0.051113797724246984
2016-09-24 12:00:00,0.16461653,268,0.17377346009016037,0.22326708,-0.04949361830949783
2016-09-25 12:00:00,0.1674721,269,0.16885807365179062,0.21399032,-0.045132242143154144
2016-09-26 12:00:00,0.14095843,270,0.16073298454284668,0.21629143,-0.05555844306945801
2016-09-27 12:00:00,0.15786155,271,0.15529391318559646,0.22335252,-0.06805860847234727
2016-09-28 12:00:00,0.19942263,272,0.15657925307750703,0.21668711,-0.06010785996913909
2016-09-29 12:00:00,0.15355974,273,0.15914946794509888,0.21051738,-0.05136790871620178
2016-09-30 12:00:00,0.14800707,274,0.15718764066696167,0.22752136,-0.07033371925354004
2016-10-01 12:00:00,0.15196253,275,0.15814875364303588,0.21836643,-0.06021767556667329
2016-10-02 12:00:00,0.12072877,276,0.15651467964053153,0.22464703,-0.06813235059380532
2016-10-03 12:00:00,0.12641779,277,0.15310071185231208,0.21582069,-0.06271997317671776
2016-10-04 12:00:00,0.1480411,278,0.1514431692659855,0.2310855,-0.07964232489466666
2016-10-05 12:00:00,0.14424288,279,0.14912024810910224,0.22444333,-0.07532308325171472
2016-10-06 12:00:00,0.12717792,280,0.14774219766259195,0.21573085,-0.0679886482656002
2016-10-07 12:00:00,0.12248966,281,0.1442050091922283,0.21373194,-0.06952693536877633
2016-10-08 12:00:00,0.14004266,282,0.13826701268553734,0.21444227,-0.07617525532841682
2016-10-09 12:00:00,0.15075321,283,0.13798635974526405,0.20218302,-0.06419666334986687
2016-10-10 12:00:00,0.15815116,284,0.1390007697045803,0.23270407,-0.09370330348610878
2016-10-11 12:00:00,0.14697169,285,0.13850168511271477,0.22070266,-0.08220097795128822
2016-10-12 12:00:00,,286,0.14047645363542768,0.21077365,-0.07029719319608477
2016-10-13 12:00:00,0.3479772,287,0.16509416533841026,0.24977106,-0.08467689322100747
2016-10-14 12:00:00,0.33582443,288,0.18595897985829246,0.26918527,-0.08322629498110878
2016-10-15 12:00:00,0.3053728,289,0.20386230448881784,0.270501,-0.06663868327935538
2016-10-16 12:00:00,0.30281308,290,0.22337732215722403,0.28497446,-0.06159713367621103
2016-10-17 12:00:00,0.31635308,291,0.2449177023437288,0.31070825,-0.06579055223200056
2016-10-18 12:00:00,0.3443689,292,0.26762061814467114,0.30353272,-0.03591210146745044
2016-10-19 12:00:00,0.36627996,293,0.29156803422504,0.33082974,-0.03926170534557766
2016-10-20 12:00:00,0.31316522,294,0.3087918178902732,0.33849204,-0.02970021797551048
2016-10-21 12:00:00,0.3265731,295,0.3287475307782491,0.3311898,-0.0024422804514567242
2016-10-22 12:00:00,0.33199993,296,0.32907277047634126,0.3397465,-0.010673734545707692
2016-10-23 12:00:00,0.38250327,297,0.33252537846565244,0.34023115,-0.007705771923065208
2016-10-24 12:00:00,0.38178003,298,0.3371209383010864,0.3398163,-0.002695363759994518
2016-10-25 12:00:00,0.36251166,299,0.3428348243236542,0.3385588,0.004276031255722068
2016-10-26 12:00:00,0.40620586,300,0.353174102306366,0.3363659,0.016808193922042858
2016-10-27 12:00:00,0.42963737,301,0.36450253129005433,0.3254307,0.039071840047836315
2016-10-28 12:00:00,0.40061122,302,0.3701267629861832,0.35444885,0.015677908062934898
2016-10-29 12:00:00,0.3678176,303,0.3702805280685425,0.34866098,0.02161955237388613
2016-10-30 12:00:00,0.4040388,304,0.3793678849935532,0.37075877,0.008609113097190868
2016-10-31 12:00:00,0.31308767,305,0.3780193418264389,0.35243005,0.025589296221733115
2016-11-01 12:00:00,0.3439902,306,0.37921836972236633,0.3528227,0.026395678520202637
2016-11-02 12:00:00,0.35847622,307,0.376815664768219,0.3758835,0.0009321749210357555
2016-11-03 12:00:00,0.30364296,308,0.3690019577741623,0.36182922,0.007172736525535572
2016-11-04 12:00:00,0.32671842,309,0.36542263329029084,0.36367443,0.0017482012510299794
2016-11-05 12:00:00,0.43934444,310,0.36873649060726166,0.35966298,0.009073510766029358
2016-11-06 12:00:00,0.35986385,311,0.3617591381072998,0.36376706,-0.0020079195499420055
2016-11-07 12:00:00,,312,0.3574422399202983,0.3771041,-0.019661863644917787
2016-11-08 12:00:00,0.35364318,313,0.35586730308002895,0.38398263,-0.02811532550387913
2016-11-09 12:00:00,0.36701462,314,0.3517535063955519,0.35275054,-0.0009970333841111678
2016-11-10 12:00:00,0.35759494,315,0.35669875807232326,0.36016223,-0.0034634702735477085
2016-11-11 12:00:00,0.3436377,316,0.35665959119796753,0.3595915,-0.002931922674179077
2016-11-12 12:00:00,0.33841336,317,0.3544303841061062,0.3596434,-0.005213015609317362
2016-11-13 12:00:00,0.36867115,318,0.36165573861863876,0.35756534,0.0040903952386643905
2016-11-14 12:00:00,0.34542271,319,0.36373399363623726,0.35579035,0.007943646775351643
2016-11-15 12:00:00,0.3228594,320,0.35079121258523727,0.35293368,-0.002142462465498207
2016-11-16 12:00:00,,321,0.3496571332216263,0.35801497,-0.008357837796211243
2016-11-17 12:00:00,0.32747403,322,0.34719234373834396,0.33542517,0.011767175462510826
2016-11-18 12:00:00,0.32172418,323,0.34364578790134853,0.3313061,0.012339688009685934
2016-11-19 12:00:00,0.29628772,324,0.33578724331325954,0.34407833,-0.008291088872485697
2016-11-20 12:00:00,0.37634796,325,0.33787091241942513,0.35562962,-0.01775871051682365
2016-11-21 12:00:00,0.4275987,326,0.34719991352823043,0.36348972,-0.016289803716871498
2016-11-22 12:00:00,,327,0.34829823300242424,0.3509741,-0.0026758797466754913
2016-11-23 12:00:00,,328,0.3453878164291382,0.36400625,-0.01861843466758728
2016-11-24 12:00:00,,329,0.34538200000921887,0.36372176,-0.018339758117993654
2016-11-25 12:00:00,,330,0.34988651871681214,0.36978522,-0.019898700714111317
2016-11-26 12:00:00,,331,0.34988651871681214,0.3540092,-0.004122692346572865
2016-11-27 12:00:00,0.452364,332,0.3748645126819611,0.3752758,-0.00041127800941465065
2016-11-28 12:00:00,0.4454338,333,0.3996064364910126,0.37872198,0.020884454250335693
2016-11-29 12:00:00,0.3994141,334,0.42023171186447145,0.36825508,0.051976633071899425
2016-11-30 12:00:00,0.41493857,335,0.42794983386993407,0.4031116,0.0248382270336151
2016-12-01 12:00:00,0.42551777,336,0.4275336444377899,0.38178217,0.04575147032737731
2016-12-02 12:00:00,0.40694302,337,0.4241018742322922,0.35388464,0.07021723687648773
2016-12-03 12:00:00,0.44347298,338,0.42686917526381357,0.386739,0.04013018948691233
2016-12-04 12:00:00,0.43667626,339,0.4280950613319874,0.37170398,0.05639107897877693
2016-12-05 12:00:00,0.46265084,340,0.43193459179666305,0.38722318,0.04471140768792892
2016-12-06 12:00:00,0.41619214,341,0.430360347032547,0.3632648,0.067095547914505
2016-12-07 12:00:00,0.41847348,342,0.4269712954759598,0.36811972,0.05885157883167269
2016-12-08 12:00:00,0.4102127,343,0.4234491854906082,0.37827137,0.0451778143644333
2016-12-09 12:00:00,,344,0.42611975140041775,0.36332893,0.06279081768459743
2016-12-10 12:00:00,0.3938563,345,0.4237772756152683,0.39113528,0.03264200025134617
2016-12-11 12:00:00,0.3755924,346,0.4182300137148963,0.3816224,0.03660760985480416
2016-12-12 12:00:00,,347,0.4196408875286579,0.39665878,0.02298210933804512
2016-12-13 12:00:00,,348,0.41623630268233164,0.36300632,0.05322997910635813
2016-12-14 12:00:00,0.4351016,349,0.41601135049547466,0.39022985,0.025781499488013115
2016-12-15 12:00:00,,350,0.4082381029923757,0.37832853,0.029909571011861147
2016-12-16 12:00:00,,351,0.40664729475975037,0.387156,0.0194912850856781
2016-12-17 12:00:00,,352,0.40369074791669846,0.3737697,0.029921047389507294
2016-12-18 12:00:00,,353,0.40151676535606384,0.3839858,0.017530977725982666
2016-12-19 12:00:00,,354,0.40151676535606384,0.4497578,-0.04824104905128479
2016-12-20 12:00:00,,355,0.405347004532814,0.4269549,-0.021607890725135803
2016-12-21 12:00:00,,356,0.43510159850120544,0.42391795,0.01118364930152893
2016-12-22 12:00:00,,357,0.43510159850120544,0.40459636,0.030505239963531494
2016-12-23 12:00:00,,358,0.43510159850120544,0.41222954,0.022872060537338257
2016-12-24 12:00:00,,359,,0.42910507,
2016-12-25 12:00:00,0.37195075,360,0.37195074558258057,0.40299073,-0.03103998303413391
2016-12-26 12:00:00,,361,0.37195074558258057,0.40802148,-0.03607073426246643
2016-12-27 12:00:00,,362,0.37195074558258057,0.3838836,-0.011932849884033203
2016-12-28 12:00:00,,363,0.37195074558258057,0.39591962,-0.023968875408172607
2016-12-29 12:00:00,,364,0.37195074558258057,0.39280036,-0.020849615335464478
2016-12-30 12:00:00,,365,0.37195074558258057,0.38301083,-0.011060088872909546
2016-12-31 12:00:00,,366,0.37195074558258057,0.3702478,0.0017029345035552979
2017-01-01 12:00:00,,1,0.37195074558258057,0.3864723,-0.014521569013595581
2017-01-02 12:00:00,,2,0.37195074558258057,0.40218058,-0.030229836702346802
2017-01-03 12:00:00,,3,0.37195074558258057,0.3910916,-0.01914083957672119
2017-01-04 12:00:00,0.42125562,4,0.42125561833381653,0.39495927,0.026296347379684448
2017-01-05 12:00:00,,5,0.42125561833381653,0.3713293,0.049926310777664185
2017-01-06 12:00:00,,6,0.42125561833381653,0.36444905,0.05680656433105469
2017-01-07 12:00:00,,7,0.42125561833381653,0.41802442,0.0032311975955963135
2017-01-08 12:00:00,,8,0.42125561833381653,0.4172373,0.004018306732177734
2017-01-09 12:00:00,,9,0.42125561833381653,0.4056448,0.015610814094543457
2017-01-10 12:00:00,,10,0.42125561833381653,0.38533783,0.03591778874397278
2017-01-11 12:00:00,0.40683162,11,0.4140436202287674,0.3886183,0.02542532980442047
2017-01-12 12:00:00,,12,0.4140436202287674,0.37092325,0.0431203693151474
2017-01-13 12:00:00,,13,0.4140436202287674,0.38340485,0.030638769268989563
2017-01-14 12:00:00,,14,0.40683162212371826,0.38811454,0.018717080354690552
2017-01-15 12:00:00,,15,0.40683162212371826,0.38860998,0.018221646547317505
2017-01-16 12:00:00,,16,0.40683162212371826,0.38802296,0.01880866289138794
2017-01-17 12:00:00,,17,0.40683162212371826,0.38275933,0.02407228946685791
2017-01-18 12:00:00,,18,0.40683162212371826,0.3798885,0.026943117380142212
2017-01-19 12:00:00,,19,0.40683162212371826,0.3720979,0.034733712673187256
2017-01-20 12:00:00,,20,0.40683162212371826,0.4105781,-0.0037464797496795654
2017-01-21 12:00:00,,21,,0.40732408,
2017-01-22 12:00:00,,22,,0.40736237,
2017-01-23 12:00:00,,23,,0.39973465,
2017-01-24 12:00:00,,24,,0.39047927,
2017-01-25 12:00:00,0.30940577,25,0.30940577387809753,0.37558076,-0.06617498397827148
2017-01-26 12:00:00,,26,0.30940577387809753,0.4056438,-0.09623801708221436
2017-01-27 12:00:00,,27,0.30940577387809753,0.39556965,-0.08616387844085693
2017-01-28 12:00:00,,28,0.30940577387809753,0.37254143,-0.06313565373420715
2017-01-29 12:00:00,0.44999874,29,0.37970225512981415,0.38716748,-0.00746522843837738
2017-01-30 12:00:00,0.48615757,30,0.41518735885620117,0.40357998,0.011607378721237183
2017-01-31 12:00:00,0.43348026,31,0.4197605848312378,0.40741593,0.012344658374786377
2017-02-01 12:00:00,0.43105236,32,0.4220189392566681,0.41167966,0.010339283943176292
2017-02-02 12:00:00,,33,0.4220189392566681,0.38835484,0.033664101362228416
2017-02-03 12:00:00,,34,0.4220189392566681,0.37754154,0.04447739720344546
2017-02-04 12:00:00,0.5115021,35,0.46243820190429685,0.38968793,0.07275027632713316
2017-02-05 12:00:00,0.46169376,36,0.4623141288757324,0.3883758,0.07393833994865417
2017-02-06 12:00:00,0.39232937,37,0.45231630546706064,0.3859026,0.06641369206564768
2017-02-07 12:00:00,0.45261875,38,0.4523541107773781,0.3803881,0.07196599990129471
2017-02-08 12:00:00,,39,0.4526905928339277,0.37012216,0.08256842834608896
2017-02-09 12:00:00,,40,0.4471127639214198,0.39988688,0.04722588757673901
2017-02-10 12:00:00,,41,0.4498392641544342,0.3737662,0.0760730504989624
2017-02-11 12:00:00,0.44956738,42,0.4535422682762146,0.3907012,0.06284106373786924
2017-02-12 12:00:00,,43,0.4535422682762146,0.3791652,0.07437706589698789
2017-02-13 12:00:00,,44,0.4535422682762146,0.38245866,0.07108361124992368
2017-02-14 12:00:00,,45,0.4390523135662079,0.37128645,0.06776586174964905
2017-02-15 12:00:00,0.45076302,46,0.43631962686777115,0.3670705,0.06924913078546524
2017-02-16 12:00:00,0.4149293,47,0.4419696107506752,0.35659084,0.08537877351045609
2017-02-17 12:00:00,0.42769268,48,0.43573809415102005,0.35714054,0.0785975530743599
2017-02-18 12:00:00,,49,0.43573809415102005,0.33947995,0.09625814110040665
2017-02-19 12:00:00,,50,0.43573809415102005,0.33928862,0.09644947201013565
2017-02-20 12:00:00,,51,0.43573809415102005,0.3627164,0.07302168756723404
2017-02-21 12:00:00,,52,0.431128333012263,0.34647006,0.08465827504793805
2017-02-22 12:00:00,0.39510962,53,0.42212365567684174,0.35201713,0.07010652124881744
2017-02-23 12:00:00,0.41186965,54,0.42007285356521606,0.3525628,0.06751006841659546
2017-02-24 12:00:00,0.4066699,55,0.41783903042475384,0.35007006,0.06776897112528485
2017-02-25 12:00:00,0.39898285,56,0.409209003051122,0.3392118,0.06999721129735309
2017-02-26 12:00:00,0.39523566,57,0.40592672924200696,0.34654975,0.05937697986761731
2017-02-27 12:00:00,0.36554202,58,0.39556828637917835,0.33415344,0.06141484280427295
2017-02-28 12:00:00,,59,0.39556828637917835,0.3433372,0.052231078346570314
2017-03-01 12:00:00,0.35429698,60,0.3896723857947758,0.3592928,0.030379580599921074
2017-03-02 12:00:00,0.34153762,61,0.38365554064512253,0.35127714,0.03237839788198471
2017-03-03 12:00:00,0.34769687,62,0.3796601328584883,0.35577622,0.023883912298414467
2017-03-04 12:00:00,,63,0.3777289465069771,0.3457021,0.03202683478593826
2017-03-05 12:00:00,,64,0.37285170384815763,0.3510044,0.021847311939512004
2017-03-06 12:00:00,0.42965567,65,0.3761353833334787,0.37957877,-0.0034433858735220535
2017-03-07 12:00:00,0.40652508,66,0.3772128437246595,0.3632566,0.013956240245274143
2017-03-08 12:00:00,0.37784114,67,0.3747279133115496,0.3625015,0.012226411274501248
2017-03-09 12:00:00,0.38507396,68,0.3775181898048946,0.37195396,0.005564225571496162
2017-03-10 12:00:00,0.3888438,69,0.3789338916540146,0.36389956,0.015034332871437073
2017-03-11 12:00:00,0.3575452,70,0.37933991849422455,0.3726331,0.00670681893825531
2017-03-12 12:00:00,0.36557284,71,0.3823443204164505,0.38081348,0.0015308409929275513
2017-03-13 12:00:00,0.32455027,72,0.3794509954750538,0.3562455,0.023205507546663284
2017-03-14 12:00:00,0.3408778,73,0.3751650849978129,0.33896935,0.036195735136667906
2017-03-15 12:00:00,0.31347924,74,0.3689965009689331,0.34914234,0.01985415816307068
2017-03-16 12:00:00,0.3447439,75,0.3605053246021271,0.3434946,0.017010730504989635
2017-03-17 12:00:00,0.3034637,76,0.3501991868019104,0.34721887,0.002980315685272239
2017-03-18 12:00:00,0.3027689,77,0.34269196093082427,0.33943242,0.0032595425844192394
2017-03-19 12:00:00,0.32213375,78,0.33639793992042544,0.3450849,-0.008686965703964211
2017-03-20 12:00:00,0.3385973,79,0.33137328922748566,0.34169653,-0.010323241353034973
2017-03-21 12:00:00,0.3581147,80,0.3314302384853363,0.33875456,-0.007324326038360585
2017-03-22 12:00:00,,81,0.32763661609755623,0.35492712,-0.027290506495369793
2017-03-23 12:00:00,,82,0.32802240923047066,0.36323926,-0.03521684929728508
2017-03-24 12:00:00,,83,0.3261859246662685,0.36069483,-0.034508900982992974
2017-03-25 12:00:00,,84,0.3283037046591441,0.3709216,-0.04261790712674457
2017-03-26 12:00:00,,85,0.325015664100647,0.3686362,-0.043620526790618896
2017-03-27 12:00:00,0.46353778,86,0.3570304811000824,0.35829222,-0.0012617409229278564
2017-03-28 12:00:00,0.4621908,87,0.38891486525535585,0.37313136,0.01578350067138673
2017-03-29 12:00:00,0.42414147,88,0.4093164086341858,0.3549411,0.054375308752059925
2017-03-30 12:00:00,0.37697423,89,0.4169917941093445,0.35757586,0.05941593050956728
2017-03-31 12:00:00,0.38954356,90,0.4232775688171387,0.3558557,0.06742186546325685
2017-04-01 12:00:00,0.37568414,91,0.41534533103307086,0.3544805,0.06086482604344684
2017-04-02 12:00:00,0.36134347,92,0.40763077991349356,0.35583833,0.05179245131356375
2017-04-03 12:00:00,0.3591922,93,0.4015759564936161,0.35406494,0.047511015087366104
2017-04-04 12:00:00,0.31879577,94,0.39237815803951687,0.35484082,0.03753734297222561
2017-04-05 12:00:00,0.32647836,95,0.38578817844390867,0.3541897,0.03159848451614378
2017-04-06 12:00:00,0.30907887,96,0.3703422874212265,0.37724918,-0.006906893849372875
2017-04-07 12:00:00,0.3105735,97,0.35518055558204653,0.38376752,-0.028586959838867165
2017-04-08 12:00:00,0.33186567,98,0.34595297574996947,0.37126312,-0.0253101408481598
2017-04-09 12:00:00,0.30002046,99,0.3382575988769531,0.3731911,-0.034933489561080944
2017-04-10 12:00:00,0.31668782,100,0.33097202479839327,0.39947268,-0.06850065886974332
2017-04-11 12:00:00,0.30696762,101,0.32410037219524385,0.4066782,-0.08257782757282256
2017-04-12 12:00:00,0.2998975,102,0.3179557740688324,0.37182865,-0.05387287139892577
2017-04-13 12:00:00,0.3075386,103,0.31279041469097135,0.3634725,-0.05068207681179049
2017-04-14 12:00:00,0.2726347,104,0.30817430913448335,0.3785857,-0.0704113870859146
2017-04-15 12:00:00,0.27655736,105,0.30318220853805544,0.37482834,-0.07164613008499143
2017-04-16 12:00:00,0.29589817,106,0.30186413824558256,0.38340855,-0.08154440820217135
2017-04-17 12:00:00,0.27681226,107,0.29848801493644717,0.36466676,-0.06617874503135679
2017-04-18 12:00:00,0.26041403,108,0.29134285151958467,0.3620403,-0.07069745957851409
2017-04-19 12:00:00,0.30237678,109,0.291578483581543,0.3637924,-0.07221390604972838
2017-04-20 12:00:00,0.30337876,110,0.29024757742881774,0.3489082,-0.05866060853004457
2017-04-21 12:00:00,0.2655444,111,0.28610525727272035,0.3273567,-0.04125143885612487
2017-04-22 12:00:00,0.25252545,112,0.2813680529594421,0.370706,-0.08933793902397158
2017-04-23 12:00:00,0.29787365,113,0.2804015576839447,0.38126603,-0.1008644700050354
2017-04-24 12:00:00,0.27292812,114,0.2804308980703354,0.37284434,-0.09241344034671783
2017-04-25 12:00:00,0.29267013,115,0.28204217553138733,0.38106364,-0.09902146458625793
2017-04-26 12:00:00,0.2909213,116,0.2815444886684418,0.373349,-0.09180452227592467
2017-04-27 12:00:00,0.23071215,117,0.276934477686882,0.36050975,-0.08357527554035188
2017-04-28 12:00:00,0.25339708,118,0.2762327820062637,0.34435433,-0.06812154948711396
2017-04-29 12:00:00,0.2860026,119,0.27459536492824554,0.3453494,-0.0707540363073349
2017-04-30 12:00:00,0.31224883,120,0.2754823714494705,0.35340473,-0.07792235910892487
2017-05-01 12:00:00,0.2849668,121,0.2774246096611023,0.35873884,-0.08131422996520998
2017-05-02 12:00:00,0.2730194,122,0.27947400510311127,0.34515187,-0.06567786633968353
2017-05-03 12:00:00,0.30214396,123,0.2799010366201401,0.3272901,-0.04738905131816862
2017-05-04 12:00:00,0.25983763,124,0.278591987490654,0.32367495,-0.04508295953273772
2017-05-05 12:00:00,0.32176438,125,0.2815014123916626,0.34570587,-0.06420445442199707
2017-05-06 12:00:00,0.35996726,126,0.2884060084819794,0.32496586,-0.03655985593795774
2017-05-07 12:00:00,0.34404197,127,0.29973899126052855,0.33617115,-0.03643215894699098
2017-05-08 12:00:00,0.3519004,128,0.3095893234014511,0.34259048,-0.03300115764141082
2017-05-09 12:00:00,0.32058036,129,0.31304709911346434,0.3237114,-0.01066429615020753
2017-05-10 12:00:00,0.29936177,130,0.31175839304924013,0.33385935,-0.022100961208343484
2017-05-11 12:00:00,,131,0.3147352370950911,0.3284437,-0.013708468940522911
2017-05-12 12:00:00,0.41832942,132,0.330880794260237,0.31607383,0.01480695936414933
2017-05-13 12:00:00,0.38758376,133,0.3403741055064731,0.31999946,0.020374649100833475
2017-05-14 12:00:00,0.37821144,134,0.3535267512003581,0.3217737,0.03175304333368939
2017-05-15 12:00:00,0.38620898,135,0.3606872624821133,0.30763957,0.05304769343800014
2017-05-16 12:00:00,0.38019592,136,0.3629348907205794,0.31382653,0.04910835954878068
2017-05-17 12:00:00,0.32551292,137,0.3608761065536075,0.29337522,0.06750088267856175
2017-05-18 12:00:00,0.31713104,138,0.3570128447479672,0.29360393,0.06340891785091823
2017-05-19 12:00:00,0.30158392,139,0.35490212837855023,0.27909195,0.07581017414728802
2017-05-20 12:00:00,0.29159448,140,0.35403909617000157,0.27549893,0.07854016953044468
2017-05-21 12:00:00,0.29448786,141,0.3480839729309082,0.29265648,0.055427491664886475
2017-05-22 12:00:00,0.31334722,142,0.33758575320243833,0.29045328,0.047132468223571755
2017-05-23 12:00:00,0.3105075,143,0.32987812757492063,0.28784874,0.0420293867588043
2017-05-24 12:00:00,0.35145566,144,0.3272025495767593,0.29655153,0.03065102398395536
2017-05-25 12:00:00,0.2527909,145,0.31386074125766755,0.28669652,0.027164217829704296
2017-05-26 12:00:00,0.27778295,146,0.3036194443702698,0.2839278,0.019691646099090576
2017-05-27 12:00:00,0.25385135,147,0.2964532881975174,0.2766432,0.019810101389884927
2017-05-28 12:00:00,0.27843377,148,0.2925835609436035,0.26753294,0.02505061626434324
2017-05-29 12:00:00,0.23941062,149,0.286366231739521,0.28073576,0.005630470812320709
2017-05-30 12:00:00,0.23234767,150,0.28044155091047285,0.282176,-0.0017344370484352334
2017-05-31 12:00:00,0.26532498,151,0.2775252625346184,0.267062,0.010463254153728507
2017-06-01 12:00:00,0.23508455,152,0.26969899535179137,0.26377013,0.005928862094879139
2017-06-02 12:00:00,0.20086975,153,0.25873522013425826,0.26343393,-0.0046987131237983815
2017-06-03 12:00:00,0.20486921,154,0.24407657533884047,0.24920358,-0.005127002298831951
2017-06-04 12:00:00,0.19457744,155,0.23825522959232331,0.2545854,-0.016330155730247486
2017-06-05 12:00:00,0.1641717,156,0.2268941044807434,0.23397146,-0.007077357172966009
2017-06-06 12:00:00,0.18257166,157,0.2197661355137825,0.24298702,-0.023220886290073406
2017-06-07 12:00:00,0.17139919,158,0.20906267762184144,0.25036046,-0.04129778146743773
2017-06-08 12:00:00,0.1826652,159,0.2033881351351738,0.2602583,-0.056870152056217205
2017-06-09 12:00:00,0.16313668,160,0.19646703600883483,0.24395096,-0.047483927011489874
2017-06-10 12:00:00,0.20053183,161,0.1899877205491066,0.24201131,-0.05202358812093735
2017-06-11 12:00:00,0.23953563,162,0.19043282866477967,0.2494276,-0.058994773030281056
2017-06-12 12:00:00,0.2117124,163,0.19151709377765655,0.23929234,-0.047775244712829595
2017-06-13 12:00:00,0.212255,164,0.19225567281246186,0.23142806,-0.03917238414287566
2017-06-14 12:00:00,0.18806429,165,0.19160435795783998,0.25370026,-0.06209589838981627
2017-06-15 12:00:00,0.19047137,166,0.19423432499170304,0.23918368,-0.04494935423135757
2017-06-16 12:00:00,0.20231932,167,0.19620909094810485,0.24561907,-0.049409982562065136
2017-06-17 12:00:00,0.19712335,168,0.19878150671720504,0.21150397,-0.012722460925579077
2017-06-18 12:00:00,0.18035199,169,0.19855018556118012,0.20218836,-0.0036381721496581976
2017-06-19 12:00:00,0.19100024,170,0.20133654177188873,0.21059585,-0.009259304404258734
2017-06-20 12:00:00,0.22912842,171,0.20419620126485824,0.21002267,-0.0058264717459678705
2017-06-21 12:00:00,0.23335442,172,0.20357808023691176,0.2092912,-0.0057131245732307545
2017-06-22 12:00:00,0.21053866,173,0.20346070528030397,0.21171898,-0.00825827121734618
2017-06-23 12:00:00,0.16089478,174,0.19832468330860137,0.20073542,-0.002410736680030834
2017-06-24 12:00:00,0.16068484,175,0.19558673799037934,0.19126664,0.004320096969604503
2017-06-25 12:00:00,0.14754768,176,0.19129436910152436,0.20946647,-0.01817210316658019
2017-06-26 12:00:00,0.18406679,177,0.1894691154360771,0.19503342,-0.005564300715923315
2017-06-27 12:00:00,0.1637957,178,0.18613635003566742,0.17403437,0.012101978063583374
2017-06-28 12:00:00,0.18004514,179,0.18610566556453706,0.175508,0.010597658157348644
2017-06-29 12:00:00,0.15125269,180,0.18213091045618057,0.17673033,0.005400575697422028
2017-06-30 12:00:00,0.13646929,181,0.17286499738693237,0.17583379,-0.0029687941074371393
2017-07-01 12:00:00,0.13342352,182,0.1628719076514244,0.1712311,-0.008359198272228252
2017-07-02 12:00:00,0.15748416,183,0.15756645798683167,0.17107482,-0.01350836455821991
2017-07-03 12:00:00,0.1523685,184,0.156713829934597,0.18684325,-0.03012941628694535
2017-07-04 12:00:00,0.14515923,185,0.1551612690091133,0.16736437,-0.012203104794025421
2017-07-05 12:00:00,0.14154698,186,0.15456119924783707,0.16400291,-0.009441711008548737
2017-07-06 12:00:00,0.14382054,187,0.15053657442331314,0.15672751,-0.006190933287143707
2017-07-07 12:00:00,0.13060576,188,0.1472175806760788,0.16125287,-0.01403529047966004
2017-07-08 12:00:00,0.21915491,189,0.1511285573244095,0.17356035,-0.02243179380893706
2017-07-09 12:00:00,0.2099631,190,0.15699959844350814,0.16408993,-0.0070903345942497364
2017-07-10 12:00:00,0.15959567,191,0.1593122363090515,0.16080992,-0.0014976829290390126
2017-07-11 12:00:00,0.15952462,192,0.16192234605550765,0.15201591,0.009906436502933491
2017-07-12 12:00:00,0.16431372,193,0.16260530203580856,0.14798099,0.014624314010143274
2017-07-13 12:00:00,0.16221185,194,0.16358963698148726,0.15456857,0.009021069109439839
2017-07-14 12:00:00,0.13595623,195,0.1626693367958069,0.14901066,0.013658678531646734
2017-07-15 12:00:00,0.14386754,196,0.16290139257907868,0.15113707,0.01176432371139527
2017-07-16 12:00:00,0.14425807,197,0.16294514536857604,0.14793977,0.015005373954772944
2017-07-17 12:00:00,0.11283606,198,0.16116817593574523,0.15029368,0.010874497890472401
2017-07-18 12:00:00,0.12127003,199,0.15137968808412552,0.14713536,0.004244326055049902
2017-07-19 12:00:00,0.13353515,200,0.14373689293861389,0.14855132,-0.004814422130584722
2017-07-20 12:00:00,0.13135271,201,0.14091259688138963,0.13800348,0.0029091134667396656
2017-07-21 12:00:00,0.11994008,202,0.13695414289832114,0.14030196,-0.003347814828157436
2017-07-22 12:00:00,0.12544148,203,0.13306691870093346,0.14557737,-0.012510452419519424
2017-07-23 12:00:00,0.14147854,204,0.1309935875236988,0.14173962,-0.010746034234762197
2017-07-24 12:00:00,0.14813766,205,0.13221173062920571,0.13674207,-0.004530339688062657
2017-07-25 12:00:00,0.12699932,206,0.1305249087512493,0.13692208,-0.0063971675932407435
2017-07-26 12:00:00,0.13247478,207,0.12934658005833627,0.15447336,-0.025126784294843663
2017-07-27 12:00:00,0.124977134,208,0.1305606871843338,0.13872933,-0.00816864669322967
2017-07-28 12:00:00,0.1372727,209,0.1321609541773796,0.14153592,-0.009374968707561493
2017-07-29 12:00:00,0.15406278,210,0.13421371728181838,0.14378485,-0.009571133553981787
2017-07-30 12:00:00,0.1313391,211,0.1342123568058014,0.13714087,-0.0029285132884979137
2017-07-31 12:00:00,0.12418269,212,0.13463661819696426,0.13496916,-0.0003325417637825012
2017-08-01 12:00:00,0.11321903,213,0.13341437354683877,0.1300208,0.003393576294183742
2017-08-02 12:00:00,0.12658119,214,0.13192463889718056,0.14151715,-0.00959250852465629
2017-08-03 12:00:00,0.13764238,215,0.13087511137127877,0.12886053,0.0020145781338214985
2017-08-04 12:00:00,0.14642274,216,0.13281745389103888,0.13507284,-0.0022553883492946736
2017-08-05 12:00:00,0.16463932,217,0.13603390827775003,0.12868367,0.007350236922502529
2017-08-06 12:00:00,0.13164999,218,0.13670119345188142,0.12760268,0.009098511934280407
2017-08-07 12:00:00,0.11620031,219,0.13459395468235016,0.13374633,0.0008476287126541193
2017-08-08 12:00:00,0.1379649,220,0.1329841673374176,0.12899292,0.00399125218391419
2017-08-09 12:00:00,0.14380464,221,0.13423072099685668,0.13119048,0.0030402421951293834
2017-08-10 12:00:00,0.13052449,222,0.1348649002611637,0.12736617,0.007498729974031448
2017-08-11 12:00:00,0.131975,223,0.1367404967546463,0.13025206,0.006488433480262762
2017-08-12 12:00:00,0.09932892,224,0.1340152695775032,0.12690082,0.00711444765329361
2017-08-13 12:00:00,0.10036178,225,0.13028720915317535,0.12629405,0.00399316251277923
2017-08-14 12:00:00,0.111783445,226,0.12682327926158904,0.12029237,0.006530906260013569
2017-08-15 12:00:00,0.104394265,227,0.12079877331852913,0.11773699,0.0030617855489254026
2017-08-16 12:00:00,0.111807846,228,0.11881455928087234,0.12634286,-0.007528303563594824
2017-08-17 12:00:00,0.12088357,229,0.11928288489580155,0.1207577,-0.001474814116954798
2017-08-18 12:00:00,0.12607393,230,0.1180937871336937,0.12799847,-0.0099046841263771
2017-08-19 12:00:00,0.1567713,231,0.1193904533982277,0.122881286,-0.0034908324480056735
2017-08-20 12:00:00,0.13169068,232,0.11950707286596299,0.12962584,-0.01011876910924911
2017-08-21 12:00:00,0.11924683,233,0.1182342566549778,0.12610762,-0.007873361557722086
2017-08-22 12:00:00,0.13811754,234,0.12211311832070351,0.13803422,-0.01592110618948936
2017-08-23 12:00:00,0.12745093,235,0.12482203319668769,0.1377682,-0.012946160882711416
2017-08-24 12:00:00,0.13971418,236,0.1276151068508625,0.14141513,-0.013800027221441274
2017-08-25 12:00:00,0.12866756,237,0.13004243671894072,0.12603457,0.004007863998413075
2017-08-26 12:00:00,0.11295721,238,0.13015737310051917,0.14522703,-0.01506965681910516
2017-08-27 12:00:00,0.13702086,239,0.1317711018025875,0.14944483,-0.017673731595277797
2017-08-28 12:00:00,0.12818569,240,0.13198227807879448,0.15051888,-0.018536601215600967
2017-08-29 12:00:00,0.22018358,241,0.13832350596785545,0.1517701,-0.013446594029664999
2017-08-30 12:00:00,0.22128798,242,0.14728323593735695,0.14100519,0.006278047710657125
2017-08-31 12:00:00,0.21929218,243,0.15728777050971984,0.15705961,0.00022816061973571222
2017-09-01 12:00:00,0.18318607,244,0.16179462373256684,0.1348131,0.02698152363300324
2017-09-02 12:00:00,0.13100077,245,0.1621496081352234,0.141397,0.02075260877609253
2017-09-03 12:00:00,0.14323866,246,0.16250205636024476,0.157315,0.005187055468559271
2017-09-04 12:00:00,0.14164849,247,0.163800148665905,0.14278199,0.021018160879611975
2017-09-05 12:00:00,0.16548674,248,0.1690531015396118,0.15626027,0.01279283463954925
2017-09-06 12:00:00,0.16087681,249,0.17143869698047637,0.1519004,0.019538301229476918
2017-09-07 12:00:00,0.13637395,250,0.1722575232386589,0.16519362,0.007063905894756306
2017-09-08 12:00:00,0.11153336,251,0.16139250099658967,0.1652146,-0.003822097182273859
2017-09-09 12:00:00,0.13532333,252,0.15279603600502015,0.17137599,-0.018579953908920283
2017-09-10 12:00:00,0.09377179,253,0.14024399742484092,0.16883884,-0.028594846278429037
2017-09-11 12:00:00,0.15157235,254,0.13708262518048286,0.16686703,-0.02978440746665001
2017-09-12 12:00:00,0.13790622,255,0.13777317032217978,0.1676229,-0.029849723726511013
2017-09-13 12:00:00,0.15502915,256,0.13895221874117852,0.18125947,-0.04230724945664405
2017-09-14 12:00:00,0.12902659,257,0.1376900292932987,0.1945393,-0.05684926435351373
2017-09-15 12:00:00,0.1298466,258,0.13412601575255395,0.21420695,-0.08008093312382697
2017-09-16 12:00:00,0.12119759,259,0.13015809357166291,0.23211169,-0.10195359885692595
2017-09-17 12:00:00,0.11967958,260,0.12848865613341331,0.22762647,-0.0991378165781498
2017-09-18 12:00:00,0.16271037,261,0.13360635712742805,0.23051277,-0.09690641090273858
2017-09-19 12:00:00,0.121624835,262,0.13223650753498079,0.22309914,-0.09086263477802276
2017-09-20 12:00:00,0.11866402,263,0.1347257301211357,0.22335371,-0.08862798362970353
2017-09-21 12:00:00,0.136747,264,0.13324319571256638,0.22350381,-0.09026061743497849
2017-09-22 12:00:00,0.13045704,265,0.13249827772378922,0.22417666,-0.09167838245630264
2017-09-23 12:00:00,0.10764118,266,0.12775948122143746,0.22469865,-0.09693916663527488
2017-09-24 12:00:00,0.13072813,267,0.12792963460087775,0.23496915,-0.10703951939940454
2017-09-25 12:00:00,0.134657,268,0.12841067388653754,0.22326708,-0.09485640451312066
2017-09-26 12:00:00,0.10529989,269,0.12682090401649476,0.21399032,-0.08716941177845
2017-09-27 12:00:00,0.11659577,270,0.12651252299547194,0.21629143,-0.08977890461683274
2017-09-28 12:00:00,0.12100704,271,0.12234219014644623,0.22335252,-0.10101033151149749
2017-09-29 12:00:00,0.13568845,272,0.1237485520541668,0.21668711,-0.09293856099247932
2017-09-30 12:00:00,0.12856217,273,0.12473836690187454,0.21051738,-0.08577900975942612
2017-10-01 12:00:00,0.1531847,274,0.12638213634490966,0.22752136,-0.10113922357559205
2017-10-02 12:00:00,0.14535,275,0.12787143141031265,0.21836643,-0.09049499779939651
2017-10-03 12:00:00,0.15468936,276,0.13257624879479407,0.22464703,-0.09207078143954278
2017-10-04 12:00:00,0.12864818,277,0.132368253916502,0.21582069,-0.08345243111252784
2017-10-05 12:00:00,0.12586963,278,0.13148951753973961,0.2310855,-0.09959597662091255
2017-10-06 12:00:00,0.12384091,279,0.13334361985325813,0.22444333,-0.09109971150755883
2017-10-07 12:00:00,0.12029992,280,0.13371403515338898,0.21573085,-0.08201681077480316
2017-10-08 12:00:00,0.108979814,281,0.13251131251454354,0.21373194,-0.0812206320464611
2017-10-09 12:00:00,0.12726882,282,0.1316693492233753,0.21444227,-0.08277291879057885
2017-10-10 12:00:00,0.102787994,283,0.12909193187952042,0.20218302,-0.0730910912156105
2017-10-11 12:00:00,0.16968448,284,0.130741910636425,0.23270407,-0.10196216255426407
2017-10-12 12:00:00,0.11793899,285,0.12800080999732016,0.22070266,-0.09270185306668283
2017-10-13 12:00:00,0.12630232,286,0.12516210600733757,0.21077365,-0.08561154082417488
2017-10-14 12:00:00,0.14008963,287,0.12630625143647195,0.24977106,-0.12346480712294577
2017-10-15 12:00:00,0.14502525,288,0.1282218135893345,0.26918527,-0.14096346125006676
2017-10-16 12:00:00,0.13334121,289,0.12917184308171273,0.270501,-0.1413291446864605
2017-10-17 12:00:00,0.17154449,290,0.13429630026221276,0.28497446,-0.1506781555712223
2017-10-18 12:00:00,0.2655779,291,0.14995611011981963,0.31070825,-0.16075214445590974
2017-10-19 12:00:00,0.2652221,292,0.16375143826007843,0.30353272,-0.13978128135204315
2017-10-20 12:00:00,0.29465866,293,0.18293850496411324,0.33082974,-0.14789123460650444
2017-10-21 12:00:00,0.28864938,294,0.19483499452471734,0.33849204,-0.14365704134106635
2017-10-22 12:00:00,0.25868604,295,0.20890969932079315,0.3311898,-0.12228011190891266
2017-10-23 12:00:00,0.23046845,296,0.21932631283998488,0.3397465,-0.12042019218206407
2017-10-24 12:00:00,0.23353316,297,0.2286706656217575,0.34023115,-0.11156048476696015
2017-10-25 12:00:00,0.22210081,298,0.2363782212138176,0.3398163,-0.10343808084726333
2017-10-26 12:00:00,0.21047811,299,0.2440919116139412,0.3385588,-0.09446688145399093
2017-10-27 12:00:00,0.21497147,300,0.2484346091747284,0.3363659,-0.08793129920959472
2017-10-28 12:00:00,0.19027753,301,0.2409045711159706,0.3254307,-0.08452612012624741
2017-10-29 12:00:00,0.1705995,302,0.23144231140613555,0.35444885,-0.12300654351711274
2017-10-30 12:00:00,0.15859112,303,0.21783555746078492,0.34866098,-0.13082541823387145
2017-10-31 12:00:00,0.16672967,304,0.20564358681440353,0.37075877,-0.16511518508195877
2017-11-01 12:00:00,0.17554462,305,0.19732944518327714,0.35243005,-0.15510060042142867
2017-11-02 12:00:00,0.20423356,306,0.19470595568418503,0.3528227,-0.15811673551797867
2017-11-03 12:00:00,0.3592416,307,0.20727680027484893,0.3758835,-0.1686066895723343
2017-11-04 12:00:00,0.35250157,308,0.22031687647104264,0.36182922,-0.14151234477758406
2017-11-05 12:00:00,0.3094418,309,0.23021324574947358,0.36367443,-0.1334611862897873
2017-11-06 12:00:00,0.30619484,310,0.2393355831503868,0.35966298,-0.1203273966908455
2017-11-07 12:00:00,0.28802276,311,0.24911010563373565,0.36376706,-0.11465695202350618
2017-11-08 12:00:00,0.28715888,312,0.2607660427689552,0.3771041,-0.11633806079626086
2017-11-09 12:00:00,,313,0.27211881180604297,0.38398263,-0.11186381677786511
2017-11-10 12:00:00,0.27190685,314,0.283805165025923,0.35275054,-0.06894537475374007
2017-11-11 12:00:00,0.23331828,315,0.29022446109188926,0.36016223,-0.06993776725398171
2017-11-12 12:00:00,0.25679186,316,0.29606427252292633,0.3595915,-0.06352724134922028
2017-11-13 12:00:00,0.24320686,317,0.28317152294847703,0.3596434,-0.07647187676694656
2017-11-14 12:00:00,0.24386328,318,0.27110060221619076,0.35756534,-0.08646474116378361
2017-11-15 12:00:00,0.24654967,319,0.2641125867764155,0.35579035,-0.0916777600844701
2017-11-16 12:00:00,0.25537828,320,0.25846630169285667,0.35293368,-0.0944673733578788
2017-11-17 12:00:00,0.24248241,321,0.25340626306003994,0.35801497,-0.10460870795779759
2017-11-18 12:00:00,0.25374696,322,0.2496938274966346,0.33542517,-0.08573134077919853
2017-11-19 12:00:00,0.23880538,323,0.24860498309135437,0.3313061,-0.08270111680030823
2017-11-20 12:00:00,0.238547,324,0.2452689975500107,0.34407833,-0.09880933463573455
2017-11-21 12:00:00,0.22965567,325,0.24490273594856263,0.35562962,-0.11072688698768615
2017-11-22 12:00:00,0.23699155,326,0.24292270541191102,0.36348972,-0.1205670118331909
2017-11-23 12:00:00,0.2534477,327,0.24394679069519043,0.3509741,-0.1070273220539093
2017-11-24 12:00:00,0.40460682,328,0.26002114415168764,0.36400625,-0.10398510694503782
2017-11-25 12:00:00,0.33631948,329,0.26899812519550326,0.36372176,-0.09472363293170927
2017-11-26 12:00:00,,330,0.270511441760593,0.36978522,-0.09927377767033047
2017-11-27 12:00:00,,331,0.2740150708705187,0.3540092,-0.07999414019286633
2017-11-28 12:00:00,0.31662047,332,0.2818742599338293,0.3752758,-0.09340153075754642
2017-11-29 12:00:00,0.36330506,333,0.29743671976029873,0.37872198,-0.08128526248037815
2017-11-30 12:00:00,0.33119926,334,0.3090182524174452,0.36825508,-0.05923682637512684
2017-12-01 12:00:00,,335,0.3203557644571577,0.4031116,-0.08275584237916128
2017-12-02 12:00:00,,336,0.3342497994502385,0.38178217,-0.04753237466017407
2017-12-03 12:00:00,,337,0.3504102170467377,0.35388464,-0.0034744203090667503
2017-12-04 12:00:00,,338,0.3368610665202141,0.386739,-0.049877919256687164
2017-12-05 12:00:00,,339,0.33704159657160443,0.37170398,-0.03466238578160602
2017-12-06 12:00:00,,340,0.33704159657160443,0.38722318,-0.0501815875371297
2017-12-07 12:00:00,,341,0.33704159657160443,0.3632648,-0.026223202546437563
2017-12-08 12:00:00,,342,0.34725216031074524,0.36811972,-0.02086755633354187
2017-12-09 12:00:00,0.32136962,343,0.3262844383716583,0.37827137,-0.0519869327545166
2017-12-10 12:00:00,0.31367388,344,0.31752175092697144,0.36332893,-0.04580718278884888
2017-12-11 12:00:00,0.40307954,345,0.3460410137971242,0.39113528,-0.04509426156679791
2017-12-12 12:00:00,,346,0.3460410137971242,0.3816224,-0.035581390062967955
2017-12-13 12:00:00,0.36378887,347,0.3504779785871506,0.39665878,-0.04618079960346222
2017-12-14 12:00:00,0.35712597,348,0.351807576417923,0.36300632,-0.011198747158050526
2017-12-15 12:00:00,0.38311422,349,0.357025350133578,0.39022985,-0.03320450087388355
2017-12-16 12:00:00,0.33503678,350,0.3538841264588492,0.37832853,-0.024444405521665324
2017-12-17 12:00:00,,351,0.3538841264588492,0.387156,-0.033271883215223064
2017-12-18 12:00:00,,352,0.3538841264588492,0.3737697,-0.01988557406834196
2017-12-19 12:00:00,,353,0.35930321117242175,0.3839858,-0.024682576457659422
2017-12-20 12:00:00,,354,0.36842907667160035,0.4497578,-0.08132873773574828
2017-12-21 12:00:00,,355,0.359766460955143,0.4269549,-0.06718843430280685
2017-12-22 12:00:00,,356,0.359766460955143,0.42391795,-0.06415148824453354
2017-12-23 12:00:00,,357,0.35842565695444745,0.40459636,-0.0461707015832265
2017-12-24 12:00:00,,358,0.35907550156116486,0.41222954,-0.05315403640270233
2017-12-25 12:00:00,,359,0.3350367844104767,0.42910507,-0.09406828880310059
2017-12-26 12:00:00,0.34341377,360,0.343413770198822,0.40299073,-0.059576958417892456
2017-12-27 12:00:00,0.36255854,361,0.3529861569404602,0.40802148,-0.05503532290458679
2017-12-28 12:00:00,0.36547685,362,0.35714972019195557,0.3838836,-0.026733875274658203
2017-12-29 12:00:00,0.36927116,363,0.3601800799369812,0.39591962,-0.03573954105377197
2017-12-30 12:00:00,0.38513947,364,0.3651719570159912,0.39280036,-0.027628403902053844
2017-12-31 12:00:00,0.36405948,365,0.36498654385407764,0.38301083,-0.018024290601412474
2018-01-01 12:00:00,,1,0.36498654385407764,0.3864723,-0.02148577074209851
2018-01-02 12:00:00,0.35096398,2,0.36298332044056486,0.40218058,-0.03919726184436251
2018-01-03 12:00:00,0.40468797,3,0.36819640174508095,0.3910916,-0.02289518341422081
2018-01-04 12:00:00,0.35136724,4,0.3663264943493737,0.39495927,-0.02863277660475838
2018-01-05 12:00:00,0.36124042,5,0.3683072328567505,0.3713293,-0.0030220746994018555
2018-01-06 12:00:00,0.37041482,6,0.36918015281359357,0.36444905,0.004731098810831724
2018-01-07 12:00:00,,7,0.36964306607842445,0.41802442,-0.04838135465979576
2018-01-08 12:00:00,0.35207835,8,0.36749396473169327,0.4172373,-0.049743346869945526
2018-01-09 12:00:00,,9,0.364973178931645,0.4056448,-0.04067162530762808
2018-01-10 12:00:00,0.43215176,10,0.3747006484440395,0.38533783,-0.010637181145804253
2018-01-11 12:00:00,0.39399016,11,0.37711183726787567,0.3886183,-0.011506453156471252
2018-01-12 12:00:00,0.3516846,12,0.3772019147872925,0.37092325,0.006278663873672485
2018-01-13 12:00:00,0.3980159,13,0.3763679042458534,0.38340485,-0.007036946713924408
2018-01-14 12:00:00,0.42234513,14,0.3852401413023472,0.38811454,-0.0028744004666805267
2018-01-15 12:00:00,,15,0.3886686733790806,0.38860998,5.8697802679863464e-05
2018-01-16 12:00:00,,16,0.3917109817266464,0.38802296,0.003688022494316101
2018-01-17 12:00:00,,17,0.3917109817266464,0.38275933,0.008951649069786072
2018-01-18 12:00:00,,18,0.399637508392334,0.3798885,0.019749003648757923
2018-01-19 12:00:00,,19,0.399637508392334,0.3720979,0.027539598941802967
2018-01-20 12:00:00,,20,0.39150894433259964,0.4105781,-0.019069157540798187
2018-01-21 12:00:00,,21,0.3906818727652232,0.40732408,-0.016642202933629335
2018-01-22 12:00:00,,22,0.4101805090904236,0.40736237,0.0028181374073028564
2018-01-23 12:00:00,,23,0.4223451316356659,0.39973465,0.022610485553741455
2018-01-24 12:00:00,,24,,0.39047927,
2018-01-25 12:00:00,,25,,0.37558076,
2018-01-26 12:00:00,,26,,0.4056438,
2018-01-27 12:00:00,,27,,0.39556965,
2018-01-28 12:00:00,,28,,0.37254143,
2018-01-29 12:00:00,,29,,0.38716748,
2018-01-30 12:00:00,,30,,0.40357998,
2018-01-31 12:00:00,,31,,0.40741593,
2018-02-01 12:00:00,,32,,0.41167966,
2018-02-02 12:00:00,,33,,0.38835484,
2018-02-03 12:00:00,,34,,0.37754154,
2018-02-04 12:00:00,,35,,0.38968793,
2018-02-05 12:00:00,,36,,0.3883758,
2018-02-06 12:00:00,,37,,0.3859026,
2018-02-07 12:00:00,,38,,0.3803881,
2018-02-08 12:00:00,,39,,0.37012216,
2018-02-09 12:00:00,,40,,0.39988688,
2018-02-10 12:00:00,,41,,0.3737662,
2018-02-11 12:00:00,,42,,0.3907012,
2018-02-12 12:00:00,0.3100341,43,0.3100340962409973,0.3791652,-0.06913110613822937
2018-02-13 12:00:00,,44,0.3100340962409973,0.38245866,-0.07242456078529358
2018-02-14 12:00:00,0.3056755,45,0.3078548014163971,0.37128645,-0.06343165040016174
2018-02-15 12:00:00,0.32523525,46,0.3136482834815979,0.3670705,-0.05342221260070801
2018-02-16 12:00:00,0.34596294,47,0.3217269480228424,0.35659084,-0.03486388921737671
2018-02-17 12:00:00,0.28816745,48,0.31501504778862,0.35714054,-0.04212549328804016
2018-02-18 12:00:00,0.2773718,49,0.30874117215474445,0.33947995,-0.030738780895868956
2018-02-19 12:00:00,0.29444036,50,0.3066981988293784,0.33928862,-0.03259042331150602
2018-02-20 12:00:00,,51,0.3066981988293784,0.3627164,-0.056018207754407634
2018-02-21 12:00:00,0.26901948,52,0.3019883595407009,0.34647006,-0.04448169842362404
2018-02-22 12:00:00,,53,0.3008389685835157,0.35201713,-0.05117816584450857
2018-02-23 12:00:00,,54,0.3008389685835157,0.3525628,-0.051723816565104885
2018-02-24 12:00:00,,55,0.30003287891546887,0.35007006,-0.050037180384000124
2018-02-25 12:00:00,,56,0.2949924051761627,0.3392118,-0.04421938657760621
2018-02-26 12:00:00,,57,0.2822497710585594,0.34654975,-0.06429997831583023
2018-02-27 12:00:00,0.33638582,58,0.29430436342954636,0.33415344,-0.03984908014535904
2018-02-28 12:00:00,0.46074486,59,0.34014762938022614,0.3433372,-0.003189578652381897
2018-03-01 12:00:00,0.46850356,60,0.38366343080997467,0.3592928,0.024370625615119934
2018-03-02 12:00:00,0.42413345,61,0.3917574346065521,0.35127714,0.040480291843414284
2018-03-03 12:00:00,0.45425686,62,0.42880491018295286,0.35577622,0.073028689622879
2018-03-04 12:00:00,,63,0.42880491018295286,0.3457021,0.08310279846191404
2018-03-05 12:00:00,,64,0.42880491018295286,0.3510044,0.07780051827430723
2018-03-06 12:00:00,0.42650193,65,0.4284210801124573,0.37957877,0.04884231090545654
2018-03-07 12:00:00,0.3984523,66,0.4241398274898529,0.3632566,0.06088322401046753
2018-03-08 12:00:00,,67,0.4241398274898529,0.3625015,0.061638325452804565
2018-03-09 12:00:00,0.4983241,68,0.4472738674708775,0.37195396,0.07531990323747906
2018-03-10 12:00:00,0.42414623,69,0.4420454927853176,0.36389956,0.07814593400274006
2018-03-11 12:00:00,,70,0.43763581415017444,0.3726331,0.0650027145942052
2018-03-12 12:00:00,0.47614223,71,0.44630394379297894,0.38081348,0.06549046436945599
2018-03-13 12:00:00,0.4772918,72,0.45014309883117676,0.3562455,0.09389761090278625
2018-03-14 12:00:00,,73,0.45014309883117676,0.33896935,0.11117374897003174
2018-03-15 12:00:00,0.44780323,74,0.4498088317258017,0.34914234,0.10066648891993929
2018-03-16 12:00:00,0.4231111,75,0.44932442903518677,0.3434946,0.10582983493804932
2018-03-17 12:00:00,0.46174225,76,0.4583658490862165,0.34721887,0.11114697796957834
2018-03-18 12:00:00,0.41151774,77,0.4525098353624344,0.33943242,0.11307741701602936
2018-03-19 12:00:00,,78,0.44596494095666067,0.3450849,0.10088003533227102
2018-03-20 12:00:00,,79,0.4496013919512431,0.34169653,0.10790486137072247
2018-03-21 12:00:00,,80,0.4496013919512431,0.33875456,0.1108468274275462
2018-03-22 12:00:00,0.40089113,81,0.43705954154332477,0.35492712,0.08213241895039874
2018-03-23 12:00:00,0.41889545,82,0.4273268183072408,0.36323926,0.06408755977948505
2018-03-24 12:00:00,,83,0.4273268183072408,0.36069483,0.06663199265797931
2018-03-25 12:00:00,0.42835245,84,0.42408502101898193,0.3709216,0.05316340923309326
2018-03-26 12:00:00,0.41552395,85,0.4228204935789108,0.3686362,0.05418430268764496
2018-03-27 12:00:00,0.38468617,86,0.4099778135617574,0.35829222,0.05168559153874713
2018-03-28 12:00:00,0.39312932,87,0.40691307683785755,0.37313136,0.03378171225388843
2018-03-29 12:00:00,0.36280003,88,0.4006112132753645,0.3549411,0.04567011339323862
2018-03-30 12:00:00,0.3244385,89,0.39108962565660477,0.35757586,0.033513762056827545
2018-03-31 12:00:00,0.38535446,90,0.39045238494873047,0.3558557,0.03459668159484863
2018-04-01 12:00:00,0.39262018,91,0.389533390601476,0.3544805,0.03505288561185199
2018-04-02 12:00:00,0.38729697,92,0.3860224485397339,0.35583833,0.030184119939804077
2018-04-03 12:00:00,0.43231627,93,0.39065183103084566,0.35406494,0.036586889624595664
2018-04-04 12:00:00,0.39771324,94,0.3875879108905792,0.35484082,0.03274709582328794
2018-04-05 12:00:00,,95,0.3844839069578383,0.3541897,0.030294213030073402
2018-04-06 12:00:00,0.446245,96,0.39132377836439347,0.37724918,0.014074597093794106
2018-04-07 12:00:00,0.45127803,97,0.3977847463554806,0.38376752,0.014017230934566915
2018-04-08 12:00:00,0.44279426,98,0.40667299429575604,0.37126312,0.03540987769762677
2018-04-09 12:00:00,,99,0.41695230454206467,0.3731911,0.04376121610403061
2018-04-10 12:00:00,0.48482913,100,0.4293866381049156,0.39947268,0.029913954436779022
2018-04-11 12:00:00,0.45488137,101,0.43716928735375404,0.4066782,0.030491087585687637
2018-04-12 12:00:00,,102,0.44429390345300945,0.37182865,0.07246525798525127
2018-04-13 12:00:00,,103,0.4462901751200358,0.3634725,0.08281768361727398
2018-04-14 12:00:00,0.4136704,104,0.4489496996005376,0.3785857,0.07036400338013965
2018-04-15 12:00:00,0.45942235,105,0.45044579250471933,0.37482834,0.07561745388167246
2018-04-16 12:00:00,0.4441651,106,0.450148663350514,0.38340855,0.0667401169027601
2018-04-17 12:00:00,0.42981887,107,0.4470830687454769,0.36466676,0.08241630877767292
2018-04-18 12:00:00,0.42905983,108,0.44512100730623516,0.3620403,0.0830806962081364
2018-04-19 12:00:00,0.41906396,109,0.44186387583613396,0.3637924,0.0780714862048626
2018-04-20 12:00:00,0.40868312,110,0.432345625013113,0.3489082,0.08343743905425072
2018-04-21 12:00:00,,111,0.42912623286247253,0.3273567,0.10176953673362732
2018-04-22 12:00:00,0.39634186,112,0.4250281862914562,0.370706,0.054322194308042526
2018-04-23 12:00:00,0.4533706,113,0.4281773434744941,0.38126603,0.046911315785513996
2018-04-24 12:00:00,0.4365373,114,0.4307181106673347,0.37284434,0.05787377225028145
2018-04-25 12:00:00,0.46500224,115,0.4313380983140733,0.38106364,0.05027445819642806
2018-04-26 12:00:00,0.42408946,116,0.4291074706448449,0.373349,0.055758459700478435
2018-04-27 12:00:00,0.3789545,117,0.4234558741251628,0.36050975,0.06294612089792889
2018-04-28 12:00:00,0.33532646,118,0.41304105520248413,0.34435433,0.06868672370910645
2018-04-29 12:00:00,,119,0.41228819265961647,0.3453494,0.06693879142403603
2018-04-30 12:00:00,0.3854078,120,0.4093787781894207,0.35340473,0.055974047631025314
2018-05-01 12:00:00,0.344458,121,0.40216535992092556,0.35873884,0.0434265202946133
2018-05-02 12:00:00,0.34141472,122,0.39606234431266785,0.34515187,0.05091047286987305
2018-05-03 12:00:00,0.36888522,123,0.38667507966359455,0.3272901,0.05938499172528583
2018-05-04 12:00:00,0.33227324,124,0.37509018513891434,0.32367495,0.05141523811552262
2018-05-05 12:00:00,0.3563939,125,0.363022592332628,0.34570587,0.017316725518968346
2018-05-06 12:00:00,0.35580808,126,0.3554357720745934,0.32496586,0.030469907654656292
2018-05-07 12:00:00,0.356194,127,0.35290682646963334,0.33617115,0.016735676262113808
2018-05-08 12:00:00,0.3706361,128,0.3568301200866699,0.34259048,0.014239639043807983
2018-05-09 12:00:00,0.3795268,129,0.3590997874736786,0.3237114,0.035388392210006725
2018-05-10 12:00:00,0.36555043,130,0.3571140497922897,0.33385935,0.023254695534706105
2018-05-11 12:00:00,0.34156346,131,0.35682459473609923,0.3284437,0.02838088870048522
2018-05-12 12:00:00,0.3188341,132,0.35456653237342833,0.31607383,0.03849269747734069
2018-05-13 12:00:00,0.3032799,133,0.34800600111484525,0.31999946,0.028006544709205605
2018-05-14 12:00:00,0.31813788,134,0.34659246504306795,0.3217737,0.024818757176399253
2018-05-15 12:00:00,0.33491543,135,0.3444446176290512,0.30763957,0.03680504858493805
2018-05-16 12:00:00,0.35749695,136,0.34461350440979005,0.31382653,0.030786973237991344
2018-05-17 12:00:00,0.30867097,137,0.3398612022399902,0.29337522,0.04648597836494445
2018-05-18 12:00:00,0.33992982,138,0.33679057359695436,0.29360393,0.04318664669990541
2018-05-19 12:00:00,0.35265774,139,0.3341036677360535,0.27909195,0.05501171350479128
2018-05-20 12:00:00,0.28579184,140,0.32612780928611756,0.27549893,0.05062888264656068
2018-05-21 12:00:00,0.4058003,141,0.3325514942407608,0.29265648,0.039895012974739075
2018-05-22 12:00:00,0.4232946,142,0.342997545003891,0.29045328,0.052544260025024436
2018-05-23 12:00:00,0.37312564,143,0.34998211860656736,0.28784874,0.06213337779045103
2018-05-24 12:00:00,0.36591065,144,0.3547593951225281,0.29655153,0.05820786952972412
2018-05-25 12:00:00,0.44109526,145,0.36537737846374513,0.28669652,0.07868085503578187
2018-05-26 12:00:00,0.38612506,146,0.36824018955230714,0.2839278,0.08431239128112794
2018-05-27 12:00:00,0.3834039,147,0.3757134824991226,0.2766432,0.09907029569149017
2018-05-28 12:00:00,0.37427917,148,0.37914841771125796,0.26753294,0.1116154730319977
2018-05-29 12:00:00,0.39553273,149,0.3834359169006348,0.28073576,0.10270015597343446
2018-05-30 12:00:00,0.41094688,150,0.39595142006874084,0.282176,0.11377543210983276
2018-05-31 12:00:00,0.4014916,151,0.3955205500125885,0.267062,0.12845854163169862
2018-06-01 12:00:00,0.35435757,152,0.3886268466711044,0.26377013,0.12485671341419219
2018-06-02 12:00:00,0.34241837,153,0.38555611968040465,0.26343393,0.12212218642234801
2018-06-03 12:00:00,0.33883888,154,0.3828489422798157,0.24920358,0.13364536464214327
2018-06-04 12:00:00,0.33926734,155,0.3726661503314972,0.2545854,0.11808076500892639
2018-06-05 12:00:00,0.29707795,156,0.36376143991947174,0.23397146,0.12978997826576233
2018-06-06 12:00:00,0.34196776,157,0.3596178263425827,0.24298702,0.11663080453872682
2018-06-07 12:00:00,0.32309535,158,0.3544994443655014,0.25036046,0.10413898527622223
2018-06-08 12:00:00,0.45404294,159,0.3603504657745361,0.2602583,0.10009217858314512
2018-06-09 12:00:00,0.36662424,160,0.35591820180416106,0.24395096,0.11196723878383635
2018-06-10 12:00:00,0.41611362,161,0.3573804020881653,0.24201131,0.11536909341812135
2018-06-11 12:00:00,0.40415722,162,0.36236036717891695,0.2494276,0.11293276548385622
2018-06-12 12:00:00,0.3669163,163,0.3648101598024368,0.23929234,0.12551782131195066
2018-06-13 12:00:00,0.35109386,164,0.366035658121109,0.23142806,0.13460760116577147
2018-06-14 12:00:00,0.3166694,165,0.3637758642435074,0.25370026,0.11007560789585114
2018-06-15 12:00:00,0.31633705,166,0.36570177376270296,0.23918368,0.12651809453964236
2018-06-16 12:00:00,0.3241545,167,0.36392044723033906,0.24561907,0.11830137372016908
2018-06-17 12:00:00,0.30215737,168,0.36182664930820463,0.21150397,0.1503226816654205
2018-06-18 12:00:00,0.30075338,169,0.3464976936578751,0.20218836,0.14430933594703677
2018-06-19 12:00:00,0.28465444,170,0.3383007138967514,0.21059585,0.12770486772060397
2018-06-20 12:00:00,0.25864735,171,0.32255408763885496,0.21002267,0.11253141462802885
2018-06-21 12:00:00,0.2749497,172,0.30963333547115324,0.2092912,0.10034213066101072
2018-06-22 12:00:00,0.3189538,173,0.3048370867967606,0.21171898,0.09311811029911043
2018-06-23 12:00:00,0.32972378,174,0.3027000784873962,0.20073542,0.10196465849876402
2018-06-24 12:00:00,0.28431705,175,0.29946484267711637,0.19126664,0.10819820165634153
2018-06-25 12:00:00,0.30372158,176,0.29820329546928404,0.20946647,0.08873682320117948
2018-06-26 12:00:00,0.25181353,177,0.2909691989421844,0.19503342,0.095935782790184
2018-06-27 12:00:00,0.2044543,178,0.28119889199733733,0.17403437,0.10716452002525328
2018-06-28 12:00:00,0.2281823,179,0.27394178360700605,0.175508,0.09843377619981764
2018-06-29 12:00:00,0.22453688,180,0.2679300278425217,0.17673033,0.09119969308376313
2018-06-30 12:00:00,0.2340316,181,0.2654684528708458,0.17583379,0.0896346613764763
2018-07-01 12:00:00,0.2696527,182,0.26493875235319136,0.1712311,0.09370764642953872
2018-07-02 12:00:00,0.29900792,183,0.2629441633820534,0.17107482,0.09186934083700182
2018-07-03 12:00:00,0.23949015,184,0.2539208009839058,0.18684325,0.06707755476236343
2018-07-04 12:00:00,0.22039402,185,0.2475284978747368,0.16736437,0.08016412407159806
2018-07-05 12:00:00,0.20582992,186,0.23773933202028275,0.16400291,0.07373642176389694
2018-07-06 12:00:00,0.20318049,187,0.23287602812051772,0.15672751,0.07614852041006087
2018-07-07 12:00:00,0.20272784,188,0.2327033817768097,0.16125287,0.07145051062107086
2018-07-08 12:00:00,0.21704577,189,0.2315897285938263,0.17356035,0.05802937746047973
2018-07-09 12:00:00,0.18659742,190,0.22779578268527984,0.16408993,0.06370584964752196
2018-07-10 12:00:00,0.21919155,191,0.2263117775321007,0.16080992,0.06550185829401017
2018-07-11 12:00:00,0.18314067,192,0.21766057461500168,0.15201591,0.06564466506242753
2018-07-12 12:00:00,0.1937147,193,0.2071312516927719,0.14798099,0.05915026366710663
2018-07-13 12:00:00,0.20353581,194,0.20353581756353378,0.15456857,0.04896724969148636
2018-07-14 12:00:00,0.1572602,195,0.19722243547439575,0.14901066,0.04821177721023559
2018-07-15 12:00:00,0.15586245,196,0.1922256886959076,0.15113707,0.04108861982822418
2018-07-16 12:00:00,0.19634226,197,0.1915418654680252,0.14793977,0.04360209405422211
2018-07-17 12:00:00,0.17385978,198,0.18865505903959273,0.15029368,0.038361380994319905
2018-07-18 12:00:00,0.18373,199,0.18532348275184632,0.14713536,0.038188120722770696
2018-07-19 12:00:00,0.14830652,200,0.18149439245462418,0.14855132,0.03294307738542557
2018-07-20 12:00:00,0.1661917,201,0.17619440704584122,0.13800348,0.038190923631191254
2018-07-21 12:00:00,0.18413407,202,0.17629374712705612,0.14030196,0.03599178940057754
2018-07-22 12:00:00,0.16827793,203,0.1737500712275505,0.14557737,0.02817270010709763
2018-07-23 12:00:00,0.15906218,204,0.16930270791053773,0.14173962,0.027563086152076727
2018-07-24 12:00:00,0.14708565,205,0.16828525364398955,0.13674207,0.03154318332672118
2018-07-25 12:00:00,0.16625834,206,0.16932484209537507,0.13692208,0.03240276575088502
2018-07-26 12:00:00,0.16850896,207,0.1665415123105049,0.15447336,0.01206814795732497
2018-07-27 12:00:00,0.136894,208,0.16284493505954742,0.13872933,0.024115601181983942
2018-07-28 12:00:00,0.14821602,209,0.15929353684186937,0.14153592,0.017757613956928264
2018-07-29 12:00:00,0.15065302,210,0.159528186917305,0.14378485,0.015743336081504827
2018-07-30 12:00:00,0.13575369,211,0.1564843863248825,0.13714087,0.019343516230583196
2018-07-31 12:00:00,0.17491509,212,0.15556248873472214,0.13496916,0.020593328773975378
2018-08-01 12:00:00,0.17350937,213,0.15608563274145126,0.1300208,0.026064835488796234
2018-08-02 12:00:00,0.15244414,214,0.15542382895946502,0.14151715,0.013906681537628168
2018-08-03 12:00:00,0.1653898,215,0.1572542443871498,0.12886053,0.028393711149692524
2018-08-04 12:00:00,0.17358376,216,0.1579867869615555,0.13507284,0.022913944721221935
2018-08-05 12:00:00,0.16963512,217,0.158099402487278,0.12868367,0.029415731132030498
2018-08-06 12:00:00,0.14008005,218,0.15841800719499588,0.12760268,0.030815325677394867
2018-08-07 12:00:00,0.13236564,219,0.1568329691886902,0.13374633,0.023086643218994146
2018-08-08 12:00:00,0.1446858,220,0.1562362477183342,0.12899292,0.027243332564830774
2018-08-09 12:00:00,0.116262764,221,0.15428715497255324,0.13119048,0.023096676170825947
2018-08-10 12:00:00,0.122235805,222,0.14901922643184662,0.12736617,0.021653056144714355
2018-08-11 12:00:00,0.1305019,223,0.14471847862005233,0.13025206,0.014466415345668782
2018-08-12 12:00:00,0.12349753,224,0.1418238177895546,0.12690082,0.014922995865345012
2018-08-13 12:00:00,0.13747042,225,0.13903187960386276,0.12629405,0.012737832963466644
2018-08-14 12:00:00,0.13425012,226,0.13509851545095444,0.12029237,0.014806142449378973
2018-08-15 12:00:00,0.12968415,227,0.13110341876745224,0.11773699,0.01336643099784851
2018-08-16 12:00:00,0.13455974,228,0.13055138736963273,0.12634286,0.004208524525165569
2018-08-17 12:00:00,0.1488149,229,0.1321963131427765,0.1207577,0.011438614130020147
2018-08-18 12:00:00,0.14777698,230,0.13250543028116227,0.12799847,0.004506959021091467
2018-08-19 12:00:00,0.12573299,231,0.13345245271921158,0.122881286,0.01057116687297821
2018-08-20 12:00:00,0.15648612,232,0.13687748461961746,0.12962584,0.007251642644405365
2018-08-21 12:00:00,0.1354597,233,0.13737326562404634,0.12610762,0.011265647411346447
2018-08-22 12:00:00,0.19159092,234,0.14418260455131532,0.13803422,0.006148380041122448
2018-08-23 12:00:00,0.1780859,235,0.14824415147304534,0.1377682,0.010475957393646235
2018-08-24 12:00:00,0.18690677,236,0.15350981652736664,0.14141513,0.012094682455062872
2018-08-25 12:00:00,0.11250332,237,0.15179173350334169,0.12603457,0.025757160782814037
2018-08-26 12:00:00,0.1238346,238,0.15071922019124032,0.14522703,0.005492190271615988
2018-08-27 12:00:00,0.12188336,239,0.14802606627345086,0.14944483,-0.0014187671244144384
2018-08-28 12:00:00,0.14128637,240,0.14737700596451758,0.15051888,-0.0031418733298778645
2018-08-29 12:00:00,0.14593303,241,0.14939701035618783,0.1517701,-0.002373089641332621
2018-08-30 12:00:00,0.16359438,242,0.15010783597826957,0.14100519,0.009102647751569742
2018-08-31 12:00:00,0.1337046,243,0.1499323256313801,0.15705961,-0.007127284258604039
2018-09-01 12:00:00,0.13837844,244,0.14461107775568963,0.1348131,0.009797977656126028
2018-09-02 12:00:00,0.1467045,245,0.1414729379117489,0.141397,7.593855261803228e-05
2018-09-03 12:00:00,0.16165872,246,0.13894813284277915,0.157315,-0.018366868048906332
2018-09-04 12:00:00,0.13819553,247,0.14151735380291938,0.14278199,-0.0012646339833736475
2018-09-05 12:00:00,0.13624221,248,0.14275811463594437,0.15626027,-0.013502152264118189
2018-09-06 12:00:00,0.13993573,249,0.14456335157155992,0.1519004,-0.007337044179439534
2018-09-07 12:00:00,0.13323532,250,0.14375824630260467,0.16519362,-0.021435371041297918
2018-09-08 12:00:00,0.19507223,251,0.14867216646671294,0.1652146,-0.016542431712150585
2018-09-09 12:00:00,0.20569065,252,0.15288179367780685,0.17137599,-0.018494196236133575
2018-09-10 12:00:00,0.1843122,253,0.15794255286455156,0.16883884,-0.010896290838718403
2018-09-11 12:00:00,0.16978447,254,0.16108315587043762,0.16686703,-0.005783876776695257
2018-09-12 12:00:00,0.17224568,255,0.16363727450370788,0.1676229,-0.003985619544982916
2018-09-13 12:00:00,0.1714353,256,0.16461493223905563,0.18125947,-0.016644535958766943
2018-09-14 12:00:00,0.1445311,257,0.16524848937988282,0.1945393,-0.02929080426692962
2018-09-15 12:00:00,0.18695259,258,0.17031952738761902,0.21420695,-0.0438874214887619
2018-09-16 12:00:00,0.18541239,259,0.17486719340085982,0.23211169,-0.057244499027729046
2018-09-17 12:00:00,0.15690252,260,0.17723391354084014,0.22762647,-0.05039255917072297
2018-09-18 12:00:00,0.15803736,261,0.17353042662143708,0.23051277,-0.05698234140872954
2018-09-19 12:00:00,0.14793377,262,0.16775473803281785,0.22309914,-0.055344404280185694
2018-09-20 12:00:00,0.15664448,263,0.1649879664182663,0.22335371,-0.05836574733257294
2018-09-21 12:00:00,0.15715499,264,0.16372501850128174,0.22350381,-0.05977879464626312
2018-09-22 12:00:00,0.15368491,265,0.16186894178390504,0.22417666,-0.06230771839618682
2018-09-23 12:00:00,0.16882765,266,0.16160817742347716,0.22469865,-0.06309047043323518
2018-09-24 12:00:00,0.15833372,267,0.16298843920230865,0.23496915,-0.07198071479797363
2018-09-25 12:00:00,0.14109044,268,0.15840222388505937,0.22326708,-0.06486485451459884
2018-09-26 12:00:00,0.15271991,269,0.15513297617435456,0.21399032,-0.0588573396205902
2018-09-27 12:00:00,0.18452978,270,0.15789570212364196,0.21629143,-0.05839572548866273
2018-09-28 12:00:00,0.17514099,271,0.1596060648560524,0.22335252,-0.06374645680189134
2018-09-29 12:00:00,0.15628222,272,0.1604409098625183,0.21668711,-0.05624620318412782
2018-09-30 12:00:00,0.15045682,273,0.15982214361429214,0.21051738,-0.050695233047008514
2018-10-01 12:00:00,0.13620009,274,0.15772665292024612,0.22752136,-0.06979470700025558
2018-10-02 12:00:00,0.1125096,275,0.15360912159085274,0.21836643,-0.06475730761885642
2018-10-03 12:00:00,0.12055322,276,0.14878167808055878,0.22464703,-0.07586535215377807
2018-10-04 12:00:00,0.12603234,277,0.14555153995752335,0.21582069,-0.0702691450715065
2018-10-05 12:00:00,0.120809175,278,0.1435234136879444,0.2310855,-0.08756208047270775
2018-10-06 12:00:00,0.12697408,279,0.1409488297998905,0.22444333,-0.08349450156092644
2018-10-07 12:00:00,0.11584981,280,0.13408083245158195,0.21573085,-0.08165001347661019
2018-10-08 12:00:00,0.1342957,281,0.12999630346894264,0.21373194,-0.083735641092062
2018-10-09 12:00:00,0.15772347,282,0.13014042899012565,0.21444227,-0.08430183902382851
2018-10-10 12:00:00,0.1168792,283,0.12678266763687135,0.20218302,-0.07540035545825957
2018-10-11 12:00:00,0.22548875,284,0.13571153432130814,0.23270407,-0.09699253886938095
2018-10-12 12:00:00,0.2497434,285,0.1494349144399166,0.22070266,-0.07126774862408639
2018-10-13 12:00:00,0.22430454,286,0.15981004685163497,0.21077365,-0.05096359997987748
2018-10-14 12:00:00,0.22734419,287,0.1699412316083908,0.24977106,-0.07982982695102692
2018-10-15 12:00:00,0.3069383,288,0.18855414316058158,0.26918527,-0.08063113167881966
2018-10-16 12:00:00,0.31854957,289,0.20771169289946556,0.270501,-0.06278929486870766
2018-10-17 12:00:00,0.28912187,290,0.22503889873623847,0.28497446,-0.059935557097196585
2018-10-18 12:00:00,0.34259772,291,0.24586910083889962,0.31070825,-0.06483915373682975
2018-10-19 12:00:00,0.32199246,292,0.26229599937796594,0.30353272,-0.041236720234155644
2018-10-20 12:00:00,0.27933234,293,0.2785413131117821,0.33082974,-0.05228842645883558
2018-10-21 12:00:00,0.38285914,294,0.29427835196256635,0.33849204,-0.04421368390321734
2018-10-22 12:00:00,0.36043277,295,0.3053472891449928,0.3311898,-0.025842522084712993
2018-10-23 12:00:00,0.32896748,296,0.31581358313560487,0.3397465,-0.02393292188644408
2018-10-24 12:00:00,0.311957,297,0.3242748647928238,0.34023115,-0.01595628559589385
2018-10-25 12:00:00,0.29710665,298,0.32329170107841493,0.3398163,-0.016524600982666005
2018-10-26 12:00:00,0.2764737,299,0.31908411383628843,0.3385588,-0.0194746792316437
2018-10-27 12:00:00,0.29736397,300,0.3199083238840103,0.3363659,-0.016457584500312816
2018-10-28 12:00:00,0.26036394,301,0.31168494522571566,0.3254307,-0.013745746016502358
2018-10-29 12:00:00,,302,0.31053966614935136,0.35444885,-0.043909188773896934
2018-10-30 12:00:00,,303,0.3144405819475651,0.34866098,-0.03422039374709129
2018-10-31 12:00:00,,304,0.30466650213514057,0.37075877,-0.06609226976122173
2018-11-01 12:00:00,,305,0.2953721235195796,0.35243005,-0.05705792208512622
2018-11-02 12:00:00,0.3314614,306,0.2957877765099208,0.3528227,-0.05703491469224292
2018-11-03 12:00:00,0.36408684,307,0.3044760823249817,0.3758835,-0.07140740752220154
2018-11-04 12:00:00,0.30180556,308,0.30525923271973926,0.36182922,-0.05656998852888745
2018-11-05 12:00:00,,309,0.3110163390636444,0.36367443,-0.052658092975616466
2018-11-06 12:00:00,0.3530767,310,0.32215888500213624,0.35966298,-0.03750409483909606
2018-11-07 12:00:00,0.42304313,311,0.3546947240829468,0.36376706,-0.009072333574295044
2018-11-08 12:00:00,0.39143142,312,0.3608175069093704,0.3771041,-0.016286596655845642
2018-11-09 12:00:00,0.36359015,313,0.36121359893253874,0.38398263,-0.022769029651369344
2018-11-10 12:00:00,0.41045886,314,0.36736925691366196,0.35275054,0.01461871713399887
2018-11-11 12:00:00,0.39619824,315,0.3705724775791168,0.36016223,0.01041024923324585
2018-11-12 12:00:00,,316,0.3754613623023033,0.3595915,0.015869848430156708
2018-11-13 12:00:00,,317,0.3770862945488521,0.3596434,0.017442894833428535
2018-11-14 12:00:00,0.38384452,318,0.38880614723478046,0.35756534,0.0312408038548061
2018-11-15 12:00:00,0.38786072,319,0.38868796825408936,0.35579035,0.032897621393203735
2018-11-16 12:00:00,0.38178992,320,0.3922771215438843,0.35293368,0.039343446493148804
2018-11-17 12:00:00,0.3500237,321,0.383149690926075,0.35801497,0.025134719908237457
2018-11-18 12:00:00,,322,0.381966586623873,0.33542517,0.046541418348039876
2018-11-19 12:00:00,0.37863898,323,0.3841164197240557,0.3313061,0.05281031983239309
2018-11-20 12:00:00,0.3845937,324,0.3804213958127158,0.34407833,0.03634306362697054
2018-11-21 12:00:00,0.33637032,325,0.3718745495591845,0.35562962,0.016244926622935696
2018-11-22 12:00:00,0.39463833,326,0.3747200220823288,0.36348972,0.011230304837226868
2018-11-23 12:00:00,,327,0.3747200220823288,0.3509741,0.023745909333229065
2018-11-24 12:00:00,,328,0.37341652171952383,0.36400625,0.009410270622798367
2018-11-25 12:00:00,0.4488741,329,0.3821327175412859,0.36372176,0.01841095941407339
2018-11-26 12:00:00,,330,0.38218985001246136,0.36978522,0.012404630581537901
2018-11-27 12:00:00,,331,0.3886230826377869,0.3540092,0.03461387157440188
2018-11-28 12:00:00,,332,0.3886230826377869,0.3752758,0.013347291946411155
2018-11-29 12:00:00,,333,0.3911191076040268,0.37872198,0.012397125363349915
2018-11-30 12:00:00,,334,0.39329424500465393,0.36825508,0.02503916621208191
2018-12-01 12:00:00,,335,0.42175620794296265,0.4031116,0.018644601106643677
2018-12-02 12:00:00,,336,0.4488740861415863,0.38178217,0.0670919120311737
2018-12-03 12:00:00,,337,0.4488740861415863,0.35388464,0.09498944878578186
2018-12-04 12:00:00,0.3916784,338,0.4202762395143509,0.386739,0.033537253737449646
2018-12-05 12:00:00,,339,0.3916783928871155,0.37170398,0.01997441053390503
2018-12-06 12:00:00,0.38239738,340,0.38703788816928864,0.38722318,-0.0001852959394454956
2018-12-07 12:00:00,,341,0.38703788816928864,0.3632648,0.023773089051246643
2018-12-08 12:00:00,,342,0.38703788816928864,0.36811972,0.018918171525001526
2018-12-09 12:00:00,0.37133533,343,0.381803701321284,0.37827137,0.003532330195109068
2018-12-10 12:00:00,0.36336666,344,0.37719444185495377,0.36332893,0.013865508139133453
2018-12-11 12:00:00,,345,0.37719444185495377,0.39113528,-0.013940833508968353
2018-12-12 12:00:00,,346,0.37719444185495377,0.3816224,-0.004427962005138397
2018-12-13 12:00:00,,347,0.37719444185495377,0.39665878,-0.019464336335659027
2018-12-14 12:00:00,,348,0.37236645817756653,0.36300632,0.009360134601593018
2018-12-15 12:00:00,,349,0.37236645817756653,0.39022985,-0.01786339282989502
2018-12-16 12:00:00,0.45722398,350,0.39730865756670636,0.37832853,0.01898012558619183
2018-12-17 12:00:00,,351,0.39730865756670636,0.387156,0.010152647892634092
2018-12-18 12:00:00,,352,0.39730865756670636,0.3737697,0.023538957039515196
2018-12-19 12:00:00,,353,0.4102953225374222,0.3839858,0.026309534907341003
2018-12-20 12:00:00,,354,0.4572239816188812,0.4497578,0.007466167211532593
2018-12-21 12:00:00,,355,0.4572239816188812,0.4269549,0.030269086360931396
2018-12-22 12:00:00,,356,0.4572239816188812,0.42391795,0.03330603241920471
2018-12-23 12:00:00,0.38494578,357,0.4210848808288574,0.40459636,0.01648852229118347
2018-12-24 12:00:00,,358,0.4210848808288574,0.41222954,0.008855342864990234
2018-12-25 12:00:00,,359,0.4210848808288574,0.42910507,-0.008020192384719849
2018-12-26 12:00:00,,360,0.3849457800388336,0.40299073,-0.01804494857788086
2018-12-27 12:00:00,,361,0.3849457800388336,0.40802148,-0.02307569980621338
2018-12-28 12:00:00,,362,0.3849457800388336,0.3838836,0.0010621845722198486
2018-12-29 12:00:00,,363,0.3849457800388336,0.39591962,-0.010973840951919556
2018-12-30 12:00:00,,364,0.3849457800388336,0.39280036,-0.007854580879211426
2018-12-31 12:00:00,,365,0.3849457800388336,0.38301083,0.0019349455833435059
2019-01-01 12:00:00,,1,0.3849457800388336,0.3864723,-0.0015265345573425293
2019-01-02 12:00:00,,2,,0.40218058,
2019-01-03 12:00:00,,3,,0.3910916,
2019-01-04 12:00:00,,4,,0.39495927,
2019-01-05 12:00:00,,5,,0.3713293,
2019-01-06 12:00:00,,6,,0.36444905,
2019-01-07 12:00:00,,7,,0.41802442,
2019-01-08 12:00:00,,8,,0.4172373,
2019-01-09 12:00:00,,9,,0.4056448,
2019-01-10 12:00:00,,10,,0.38533783,
2019-01-11 12:00:00,,11,,0.3886183,
2019-01-12 12:00:00,,12,,0.37092325,
2019-01-13 12:00:00,,13,,0.38340485,
2019-01-14 12:00:00,,14,,0.38811454,
2019-01-15 12:00:00,,15,,0.38860998,
2019-01-16 12:00:00,,16,,0.38802296,
2019-01-17 12:00:00,,17,,0.38275933,
2019-01-18 12:00:00,,18,,0.3798885,
2019-01-19 12:00:00,,19,,0.3720979,
2019-01-20 12:00:00,,20,,0.4105781,
2019-01-21 12:00:00,,21,,0.40732408,
2019-01-22 12:00:00,,22,,0.40736237,
2019-01-23 12:00:00,,23,,0.39973465,
2019-01-24 12:00:00,0.34618732,24,0.3461873233318329,0.39047927,-0.044291943311691284
2019-01-25 12:00:00,0.33866578,25,0.3424265533685684,0.37558076,-0.0331542044878006
2019-01-26 12:00:00,,26,0.3424265533685684,0.4056438,-0.06321723759174347
2019-01-27 12:00:00,,27,0.3424265533685684,0.39556965,-0.05314309895038605
2019-01-28 12:00:00,0.3144756,28,0.3331095675627391,0.37254143,-0.039431860049565615
2019-01-29 12:00:00,,29,0.3331095675627391,0.38716748,-0.054057916005452455
2019-01-30 12:00:00,,30,0.3331095675627391,0.40357998,-0.07047041257222492
2019-01-31 12:00:00,0.3579986,31,0.33933182805776596,0.40741593,-0.06808409839868546
2019-02-01 12:00:00,0.37882414,32,0.3472302913665771,0.41167966,-0.0644493639469147
2019-02-02 12:00:00,,33,0.3472302913665771,0.38835484,-0.04112454652786257
2019-02-03 12:00:00,,34,0.3474910333752632,0.37754154,-0.030050508677959442
2019-02-04 12:00:00,,35,0.35043278336524963,0.38968793,-0.03925514221191406
2019-02-05 12:00:00,,36,0.35043278336524963,0.3883758,-0.03794300556182861
2019-02-06 12:00:00,,37,0.35043278336524963,0.3859026,-0.03546983003616333
2019-02-07 12:00:00,,38,0.3684113770723343,0.3803881,-0.011976733803749084
2019-02-08 12:00:00,,39,0.3684113770723343,0.37012216,-0.0017107874155044556
2019-02-09 12:00:00,,40,0.3684113770723343,0.39988688,-0.0314754992723465
2019-02-10 12:00:00,,41,0.3788241446018219,0.3737662,0.005057930946350098
2019-02-11 12:00:00,,42,,0.3907012,
2019-02-12 12:00:00,,43,,0.3791652,
2019-02-13 12:00:00,,44,,0.38245866,
2019-02-14 12:00:00,,45,,0.37128645,
2019-02-15 12:00:00,0.31043366,46,0.31043365597724915,0.3670705,-0.05663684010505676
2019-02-16 12:00:00,,47,0.31043365597724915,0.35659084,-0.04615718126296997
2019-02-17 12:00:00,,48,0.31043365597724915,0.35714054,-0.04670688509941101
2019-02-18 12:00:00,,49,0.31043365597724915,0.33947995,-0.029046297073364258
2019-02-19 12:00:00,,50,0.31043365597724915,0.33928862,-0.028854966163635254
2019-02-20 12:00:00,,51,0.31043365597724915,0.3627164,-0.052282750606536865
2019-02-21 12:00:00,0.32960522,52,0.3200194388628006,0.34647006,-0.026450619101524353
2019-02-22 12:00:00,0.34126604,53,0.32710163791974384,0.35201713,-0.024915496508280455
2019-02-23 12:00:00,0.3271339,54,0.3271097019314766,0.3525628,-0.025453083217144012
2019-02-24 12:00:00,0.32842442,55,0.3273726463317871,0.35007006,-0.022697412967681907
2019-02-25 12:00:00,0.30540422,56,0.3263667583465576,0.3392118,-0.012845033407211326
2019-02-26 12:00:00,0.3048914,57,0.3227875332037608,0.34654975,-0.023762216170628847
2019-02-27 12:00:00,0.28277615,58,0.31707162090710234,0.33415344,-0.01708182266780306
2019-02-28 12:00:00,0.29268956,59,0.31402386352419853,0.3433372,-0.0293133445084095
2019-03-01 12:00:00,0.27952394,60,0.3101905385653178,0.3592928,-0.04910226662953693
2019-03-02 12:00:00,0.32248124,61,0.3114196091890335,0.35127714,-0.03985753357410432
2019-03-03 12:00:00,0.28183538,62,0.3066426247358322,0.35577622,-0.04913359582424165
2019-03-04 12:00:00,0.2901036,63,0.30152638256549835,0.3457021,-0.044175729155540466
2019-03-05 12:00:00,,64,0.2986811035209232,0.3510044,-0.05232328838772243
2019-03-06 12:00:00,0.40555957,65,0.3072516752613915,0.37957877,-0.07232709394560921
2019-03-07 12:00:00,,66,0.30748260766267776,0.3632566,-0.05577399581670761
2019-03-08 12:00:00,,67,0.3078527791159494,0.3625015,-0.05464872292109896
2019-03-09 12:00:00,0.3547749,68,0.318138314144952,0.37195396,-0.053815650088446465
2019-03-10 12:00:00,0.34894902,69,0.32617537890161785,0.36389956,-0.03772417988095966
2019-03-11 12:00:00,0.35539818,70,0.3370145559310913,0.3726331,-0.03561854362487793
2019-03-12 12:00:00,0.31506208,71,0.33595467465264456,0.38081348,-0.04485880477087839
2019-03-13 12:00:00,0.29420182,72,0.33772130949156626,0.3562455,-0.018524178436824246
2019-03-14 12:00:00,0.27873036,73,0.3360965592520578,0.33896935,-0.002872790609087239
2019-03-15 12:00:00,0.2835432,74,0.3295273892581463,0.34914234,-0.01961495354771614
2019-03-16 12:00:00,0.28431028,75,0.3143712282180786,0.3434946,-0.029123365879058838
2019-03-17 12:00:00,0.2699011,76,0.3094301025072734,0.34721887,-0.03778876860936481
2019-03-18 12:00:00,0.27667108,77,0.3061542004346848,0.33943242,-0.033278217911720254
2019-03-19 12:00:00,0.27217752,78,0.2978944629430771,0.3450849,-0.04719044268131256
2019-03-20 12:00:00,0.2860839,79,0.2916079521179199,0.34169653,-0.05008857846260073
2019-03-21 12:00:00,0.2668647,80,0.2827546030282974,0.33875456,-0.055999961495399486
2019-03-22 12:00:00,0.26227683,81,0.2774760782718658,0.35492712,-0.0774510443210602
2019-03-23 12:00:00,0.26514202,82,0.27457009851932523,0.36323926,-0.0886691600084305
2019-03-24 12:00:00,0.23917657,83,0.2706147193908691,0.36069483,-0.09008010625839236
2019-03-25 12:00:00,0.266098,84,0.2688701987266541,0.3709216,-0.1020514130592346
2019-03-26 12:00:00,0.2614056,85,0.2665797293186188,0.3686362,-0.10205646157264708
2019-03-27 12:00:00,0.2674723,86,0.26633684933185575,0.35829222,-0.0919553726911545
2019-03-28 12:00:00,0.26509893,87,0.2651796340942383,0.37313136,-0.10795173048973083
2019-03-29 12:00:00,0.27001774,88,0.26496365666389465,0.3549411,-0.0899774432182312
2019-03-30 12:00:00,0.23673092,89,0.26002835780382155,0.35757586,-0.09754750579595567
2019-03-31 12:00:00,0.2546508,90,0.25880696922540664,0.3558557,-0.0970487341284752
2019-04-01 12:00:00,,91,0.2584214293294483,0.3544805,-0.09605907566017574
2019-04-02 12:00:00,0.30137405,92,0.262447209821807,0.35583833,-0.09339111877812278
2019-04-03 12:00:00,0.27112228,93,0.2659967326455646,0.35406494,-0.08806820876068538
2019-04-04 12:00:00,0.25592393,94,0.26486628088686204,0.35484082,-0.08997453418042922
2019-04-05 12:00:00,,95,0.265298867598176,0.3541897,-0.08889082632958889
2019-04-06 12:00:00,,96,0.26498837769031525,0.37724918,-0.11226080358028412
2019-04-07 12:00:00,,97,0.26496995240449905,0.38376752,-0.11879756301641464
2019-04-08 12:00:00,0.3757486,98,0.2825917626420657,0.37126312,-0.08867135395606357
2019-04-09 12:00:00,0.36436588,99,0.3038642555475235,0.3731911,-0.06932683289051056
2019-04-10 12:00:00,0.36842102,100,0.32282595833142597,0.39947268,-0.07664672533671063
2019-04-11 12:00:00,0.36891818,101,0.32941056149346487,0.4066782,-0.07726763827460154
2019-04-12 12:00:00,0.35604513,102,0.3372207156249455,0.37182865,-0.03460792984281269
2019-04-13 12:00:00,0.34469578,103,0.34773121561322895,0.3634725,-0.01574127588953289
2019-04-14 12:00:00,0.37574756,104,0.3648488777024405,0.3785857,-0.013736818517957439
2019-04-15 12:00:00,0.32226127,105,0.3595254272222519,0.37482834,-0.015302911400794983
2019-04-16 12:00:00,0.288193,106,0.3515996005800035,0.38340855,-0.031808945867750404
2019-04-17 12:00:00,0.2699415,107,0.3434337913990021,0.36466676,-0.021232968568801858
2019-04-18 12:00:00,0.37670058,108,0.3435289889574051,0.3620403,-0.018511322140693676
2019-04-19 12:00:00,0.39964652,109,0.34705705344676974,0.3637924,-0.016735336184501626
2019-04-20 12:00:00,,110,0.3446832795937856,0.3489082,-0.004224906365076719
2019-04-21 12:00:00,0.37551707,111,0.3454164895746443,0.3273567,0.01805979344579911
2019-04-22 12:00:00,0.34430352,112,0.3441118664211697,0.370706,-0.026594125562243998
2019-04-23 12:00:00,0.31509602,113,0.3408230046431224,0.38126603,-0.04044302304585773
2019-04-24 12:00:00,,114,0.33645743504166603,0.37284434,-0.03638690337538719
2019-04-25 12:00:00,,115,0.33848545806748526,0.38106364,-0.04257818205016001
2019-04-26 12:00:00,0.40921617,116,0.3557744835104261,0.373349,-0.017574527433940335
2019-04-27 12:00:00,0.38680118,117,0.3724687227181026,0.36050975,0.01195896949086872
2019-04-28 12:00:00,0.3960131,118,0.37522765568324495,0.34435433,0.03087332418986727
2019-04-29 12:00:00,0.37268764,119,0.37137638671057566,0.3453494,0.026026985474995212
2019-04-30 12:00:00,0.3718312,120,0.37143323943018913,0.35340473,0.018028508871793747
2019-05-01 12:00:00,0.35215485,121,0.36851296201348305,0.35873884,0.009774122387170792
2019-05-02 12:00:00,0.35760948,122,0.37017620727419853,0.34515187,0.025024335831403732
2019-05-03 12:00:00,0.27767187,123,0.3654981888830662,0.3272901,0.03820810094475746
2019-05-04 12:00:00,0.2912586,124,0.35724934604432845,0.32367495,0.03357439902093673
2019-05-05 12:00:00,0.29906645,125,0.35143105685710907,0.34570587,0.005725190043449402
2019-05-06 12:00:00,0.27884233,126,0.3383936733007431,0.32496586,0.01342780888080597
2019-05-07 12:00:00,0.27212158,127,0.3269257128238678,0.33617115,-0.009245437383651745
2019-05-08 12:00:00,0.37466538,128,0.32479093968868256,0.34259048,-0.017799541354179382
2019-05-09 12:00:00,0.32092965,129,0.3196151405572891,0.3237114,-0.0040962547063827515
2019-05-10 12:00:00,0.3685837,130,0.31929039061069486,0.33385935,-0.014568963646888755
2019-05-11 12:00:00,0.3180819,131,0.31588309407234194,0.3284437,-0.012560611963272073
2019-05-12 12:00:00,0.2801563,132,0.3081377774477005,0.31607383,-0.007936057448387157
2019-05-13 12:00:00,0.24704449,133,0.30507503896951677,0.31999946,-0.014924417436122883
2019-05-14 12:00:00,0.2532664,134,0.30127581804990766,0.3217737,-0.02049788981676104
2019-05-15 12:00:00,0.25871408,135,0.2972405806183815,0.30763957,-0.01039898842573167
2019-05-16 12:00:00,0.22737563,136,0.2920939102768898,0.31382653,-0.021732620894908905
2019-05-17 12:00:00,0.17075996,137,0.2819577485322952,0.29337522,-0.01141747534275056
2019-05-18 12:00:00,0.1757004,138,0.26206125020980836,0.29360393,-0.03154267668724059
2019-05-19 12:00:00,0.17307016,139,0.24727530181407928,0.27909195,-0.03181665241718293
2019-05-20 12:00:00,0.1737502,140,0.2277919515967369,0.27549893,-0.04770697504281998
2019-05-21 12:00:00,0.19524379,141,0.2155081421136856,0.29265648,-0.07714833915233613
2019-05-22 12:00:00,0.19664116,142,0.20715662688016892,0.29045328,-0.08329665809869766
2019-05-23 12:00:00,0.18931933,143,0.20138411074876786,0.28784874,-0.08646463006734847
2019-05-24 12:00:00,0.18728906,144,0.19478637725114822,0.29655153,-0.10176514834165573
2019-05-25 12:00:00,0.16697896,145,0.18561286479234695,0.28669652,-0.1010836586356163
2019-05-26 12:00:00,0.17155968,146,0.18003126978874207,0.2839278,-0.10389652848243713
2019-05-27 12:00:00,0.17930031,147,0.18088530451059343,0.2766432,-0.09575788229703902
2019-05-28 12:00:00,0.1879982,148,0.1821150854229927,0.26753294,-0.08541785925626755
2019-05-29 12:00:00,0.16194798,149,0.1810028672218323,0.28073576,-0.09973289370536803
2019-05-30 12:00:00,0.16938205,150,0.18056605160236358,0.282176,-0.1016099363565445
2019-05-31 12:00:00,0.15283006,151,0.17632467895746232,0.267062,-0.09073732942342758
2019-06-01 12:00:00,0.14759065,152,0.1714196279644966,0.26377013,-0.09235050529241562
2019-06-02 12:00:00,0.1463217,153,0.16711986511945726,0.26343393,-0.09631406813859938
2019-06-03 12:00:00,0.11993649,154,0.16038460806012153,0.24920358,-0.0888189695775509
2019-06-04 12:00:00,0.16045913,155,0.15973262563347818,0.2545854,-0.09485275968909263
2019-06-05 12:00:00,0.12792599,156,0.15536925718188285,0.23397146,-0.07860220447182656
2019-06-06 12:00:00,0.16842604,157,0.15428183004260063,0.24298702,-0.08870519176125527
2019-06-07 12:00:00,0.20902579,158,0.1563845880329609,0.25036046,-0.09397587105631827
2019-06-08 12:00:00,0.1753471,159,0.15772450044751168,0.2602583,-0.10253378674387931
2019-06-09 12:00:00,0.1806178,160,0.15884807482361793,0.24395096,-0.08510288819670678
2019-06-10 12:00:00,0.15352057,161,0.1589171253144741,0.24201131,-0.08309418335556984
2019-06-11 12:00:00,0.11428916,162,0.15558697581291198,0.2494276,-0.09384062588214875
2019-06-12 12:00:00,0.12230879,163,0.15318568497896196,0.23929234,-0.08610665351152419
2019-06-13 12:00:00,0.13584156,164,0.15477619245648383,0.23142806,-0.0766518644988537
2019-06-14 12:00:00,0.15754293,165,0.1544845722615719,0.25370026,-0.09921568408608436
2019-06-15 12:00:00,0.11925415,166,0.15361738801002503,0.23918368,-0.08556629121303558
2019-06-16 12:00:00,0.10942987,167,0.14771777167916297,0.24561907,-0.09790130183100701
2019-06-17 12:00:00,0.13013922,168,0.13982911482453347,0.21150397,-0.07167485281825065
2019-06-18 12:00:00,0.1279353,169,0.13508793488144874,0.20218836,-0.06710042282938958
2019-06-19 12:00:00,0.1649169,170,0.1335178457200527,0.21059585,-0.07707800045609475
2019-06-20 12:00:00,0.14994088,171,0.13315987661480905,0.21002267,-0.07686279639601706
2019-06-21 12:00:00,0.14221251,172,0.13595221191644669,0.2092912,-0.07333899289369583
2019-06-22 12:00:00,0.12582862,173,0.1363041952252388,0.21171898,-0.07541478127241136
2019-06-23 12:00:00,0.1031951,174,0.13303954899311066,0.20073542,-0.06769587099552155
2019-06-24 12:00:00,0.110274866,175,0.12831274271011353,0.19126664,-0.06295389831066131
2019-06-25 12:00:00,,176,0.12931925306717554,0.20946647,-0.08014721920092902
2019-06-26 12:00:00,0.18395378,177,0.13759968678156534,0.19503342,-0.05743372937043509
2019-06-27 12:00:00,0.15112126,178,0.13993102477656472,0.17403437,-0.03410334719551933
2019-06-28 12:00:00,0.17991525,179,0.145706574122111,0.175508,-0.029801433285077422
2019-06-29 12:00:00,0.15459833,180,0.14456006553437975,0.17673033,-0.032170269224378795
2019-06-30 12:00:00,0.1701218,181,0.14680239061514536,0.17583379,-0.02903140087922415
2019-07-01 12:00:00,0.14257766,182,0.14684296316570705,0.1712311,-0.024388142757945597
2019-07-02 12:00:00,0.135251,183,0.14788989391591814,0.17107482,-0.023184928629133433
2019-07-03 12:00:00,0.13833457,184,0.15179427961508432,0.18684325,-0.03504896660645804
2019-07-04 12:00:00,0.10880369,185,0.1516308155324724,0.16736437,-0.01573355827066633
2019-07-05 12:00:00,0.12944266,186,0.14941200017929077,0.16400291,-0.014590910077095037
2019-07-06 12:00:00,0.11929624,187,0.14294624626636504,0.15672751,-0.013781261444091808
2019-07-07 12:00:00,0.1305309,188,0.14088720977306365,0.16125287,-0.020365661382675176
2019-07-08 12:00:00,0.13059077,189,0.13595476150512695,0.17356035,-0.03760558962821961
2019-07-09 12:00:00,0.13790183,190,0.13428511172533036,0.16408993,-0.02980482131242751
2019-07-10 12:00:00,0.13741624,191,0.13101455569267273,0.16080992,-0.029795363545417786
2019-07-11 12:00:00,0.13346665,192,0.1301034539937973,0.15201591,-0.021912455558776855
2019-07-12 12:00:00,0.13087024,193,0.1296653777360916,0.14798099,-0.01831561028957368
2019-07-13 12:00:00,0.1151609,194,0.12734801024198533,0.15456857,-0.027220557630062092
2019-07-14 12:00:00,0.13808769,195,0.13027641028165818,0.14901066,-0.018734247982501978
2019-07-15 12:00:00,0.15571985,196,0.13290412873029708,0.15113707,-0.018232940137386328
2019-07-16 12:00:00,0.16208254,197,0.13718275874853134,0.14793977,-0.010757012665271765
2019-07-17 12:00:00,0.16237131,198,0.1403668001294136,0.15029368,-0.009926877915859222
2019-07-18 12:00:00,0.14729908,199,0.14203763157129287,0.14713536,-0.005097730457782751
2019-07-19 12:00:00,0.13166712,200,0.1414141610264778,0.14855132,-0.007137154042720806
2019-07-20 12:00:00,0.11943259,201,0.1396157957613468,0.13800348,0.0016123123466968425
2019-07-21 12:00:00,0.14617987,202,0.1408871181309223,0.14030196,0.0005851604044437297
2019-07-22 12:00:00,0.13876848,203,0.14167694225907326,0.14557737,-0.003900428861379618
2019-07-23 12:00:00,0.13832459,204,0.14399331137537957,0.14173962,0.002253689616918575
2019-07-24 12:00:00,0.12880713,205,0.14306525513529778,0.13674207,0.006323184818029404
2019-07-25 12:00:00,0.11685278,206,0.13917854875326158,0.13692208,0.002256472408771526
2019-07-26 12:00:00,0.13675882,207,0.1366461768746376,0.15447336,-0.01782718747854234
2019-07-27 12:00:00,0.12935613,208,0.1333446592092514,0.13872933,-0.005384674668312078
2019-07-28 12:00:00,0.14607264,209,0.13322201520204544,0.14153592,-0.008313907682895666
2019-07-29 12:00:00,0.15427838,210,0.13548314124345778,0.14378485,-0.008301709592342388
2019-07-30 12:00:00,0.1432606,211,0.13786594197154045,0.13714087,0.0007250718772411346
2019-07-31 12:00:00,0.11164649,212,0.13441260382533074,0.13496916,-0.0005565561354160253
2019-08-01 12:00:00,0.099801846,213,0.1305159404873848,0.1300208,0.0004951432347297668
2019-08-02 12:00:00,0.10833406,214,0.12751688733696936,0.14151715,-0.014000260084867489
2019-08-03 12:00:00,0.12095336,215,0.12673151046037673,0.12886053,-0.002129022777080547
2019-08-04 12:00:00,0.1194579,216,0.12699202224612235,0.13507284,-0.008080819994211202
2019-08-05 12:00:00,0.11986685,217,0.12530282512307167,0.12868367,-0.003380846232175827
2019-08-06 12:00:00,0.13736488,218,0.12610369995236398,0.12760268,-0.0014989815652370342
2019-08-07 12:00:00,0.15559801,219,0.12705623731017113,0.13374633,-0.006690088659524918
2019-08-08 12:00:00,0.1548874,220,0.12711713835597038,0.12899292,-0.0018757767975330353
2019-08-09 12:00:00,0.17355464,221,0.1301465429365635,0.13119048,-0.0010439358651637975
2019-08-10 12:00:00,0.14172918,222,0.13315481171011925,0.12736617,0.00578864142298699
2019-08-11 12:00:00,0.13027018,223,0.13620164543390273,0.13025206,0.0059495821595191845
2019-08-12 12:00:00,0.11675642,224,0.1370438814163208,0.12690082,0.010143059492111195
2019-08-13 12:00:00,0.099935465,225,0.13494209200143814,0.12629405,0.008648045361042023
2019-08-14 12:00:00,0.12630197,226,0.13562649935483934,0.12029237,0.015334126353263866
2019-08-15 12:00:00,0.14606513,227,0.1382463276386261,0.11773699,0.02050933986902237
2019-08-16 12:00:00,0.14251344,228,0.1387611836194992,0.12634286,0.012418320775032049
2019-08-17 12:00:00,0.12429289,229,0.13563067093491554,0.1207577,0.014872971922159195
2019-08-18 12:00:00,0.07684507,230,0.12782643884420394,0.12799847,-0.00017203241586685736
2019-08-19 12:00:00,0.12714921,231,0.123185895383358,0.122881286,0.0003046095371246338
2019-08-20 12:00:00,0.12887271,232,0.12190024852752686,0.12962584,-0.007725593447685239
2019-08-21 12:00:00,0.112985164,233,0.12017174661159516,0.12610762,-0.005935871601104731
2019-08-22 12:00:00,0.14243805,234,0.12273991033434868,0.13803422,-0.01529431417584419
2019-08-23 12:00:00,0.12915903,235,0.12566226720809937,0.1377682,-0.012105926871299744
2019-08-24 12:00:00,0.12763453,236,0.12579552233219146,0.14141513,-0.01561961174011231
2019-08-25 12:00:00,0.13446039,237,0.12463504821062088,0.12603457,-0.0013995245099067688
2019-08-26 12:00:00,0.27899554,238,0.13828325867652894,0.14522703,-0.006943771243095392
2019-08-27 12:00:00,0.2786156,239,0.1537155292928219,0.14944483,0.0042706958949566
2019-08-28 12:00:00,0.24855626,240,0.17088664770126344,0.15051888,0.020367768406867992
2019-08-29 12:00:00,0.15170975,241,0.173342701792717,0.1517701,0.021572601795196544
2019-08-30 12:00:00,0.17714684,242,0.1781701147556305,0.14100519,0.037164926528930664
2019-08-31 12:00:00,0.18495484,243,0.1853670820593834,0.15705961,0.028307472169399273
2019-09-01 12:00:00,0.15110968,244,0.18623424470424652,0.1348131,0.05142114460468292
2019-09-02 12:00:00,0.16786434,245,0.19010477513074875,0.141397,0.04870777577161789
2019-09-03 12:00:00,0.14363953,246,0.1917052760720253,0.157315,0.034390275180339824
2019-09-04 12:00:00,0.14812067,247,0.19307130426168442,0.14278199,0.050289316475391393
2019-09-05 12:00:00,0.15234058,248,0.1804058074951172,0.15626027,0.024145540595054638
2019-09-06 12:00:00,0.11498418,249,0.16404266580939292,0.1519004,0.012142270058393467
2019-09-07 12:00:00,0.13026914,250,0.15221395418047906,0.16519362,-0.012979663163423527
2019-09-08 12:00:00,0.1377715,251,0.15082012936472894,0.1652146,-0.014394468814134587
2019-09-09 12:00:00,0.12593088,252,0.14569853320717813,0.17137599,-0.025677456706762303
2019-09-10 12:00:00,0.12471944,253,0.13967499360442162,0.16883884,-0.029163850098848337
2019-09-11 12:00:00,0.1184784,254,0.13641186580061912,0.16686703,-0.030455166846513754
2019-09-12 12:00:00,0.13601688,255,0.1332271195948124,0.1676229,-0.0343957744538784
2019-09-13 12:00:00,0.13848916,256,0.13271208181977273,0.18125947,-0.04854738637804984
2019-09-14 12:00:00,0.1285592,257,0.1307559348642826,0.1945393,-0.06378335878252983
2019-09-15 12:00:00,0.16694117,258,0.13221599385142327,0.21420695,-0.08199095502495765
2019-09-16 12:00:00,0.1578794,259,0.13650551587343215,0.23211169,-0.09560617655515671
2019-09-17 12:00:00,0.17986898,260,0.14146549999713898,0.22762647,-0.08616097271442413
2019-09-18 12:00:00,0.186705,261,0.14635884910821914,0.23051277,-0.08415391892194748
2019-09-19 12:00:00,0.15255317,262,0.14902107864618303,0.22309914,-0.07407806366682052
2019-09-20 12:00:00,0.15132537,263,0.15168167203664779,0.22335371,-0.07167204171419145
2019-09-21 12:00:00,0.22678623,264,0.1625124543905258,0.22350381,-0.060991358757019054
2019-09-22 12:00:00,0.32727593,265,0.18163836002349854,0.22417666,-0.04253830015659332
2019-09-23 12:00:00,0.29720432,266,0.19750987589359284,0.22469865,-0.0271887719631195
2019-09-24 12:00:00,0.2653395,267,0.2111879050731659,0.23496915,-0.02378124892711639
2019-09-25 12:00:00,0.24552105,268,0.21904589384794235,0.22326708,-0.004221184551715856
2019-09-26 12:00:00,0.25279367,269,0.22853732109069824,0.21399032,0.014547005295753479
2019-09-27 12:00:00,0.20679392,270,0.2312298148870468,0.21629143,0.014938387274742115
2019-09-28 12:00:00,0.2063042,271,0.23318973630666734,0.22335252,0.009837214648723613
2019-09-29 12:00:00,0.18626781,272,0.23656120002269745,0.21668711,0.019874086976051336
2019-09-30 12:00:00,0.17193136,273,0.23862179815769197,0.21051738,0.028104421496391307
2019-10-01 12:00:00,0.17664167,274,0.23360734283924103,0.22752136,0.006085982918739324
2019-10-02 12:00:00,0.15379915,275,0.2162596642971039,0.21836643,-0.00210676491260528
2019-10-03 12:00:00,0.17051014,276,0.20359024703502654,0.22464703,-0.021056783199310314
2019-10-04 12:00:00,0.18507883,277,0.1955641806125641,0.21582069,-0.02025650441646576
2019-10-05 12:00:00,0.17783792,278,0.188795867562294,0.2310855,-0.042289626598358165
2019-10-06 12:00:00,0.15538113,279,0.17905461341142653,0.22444333,-0.04538871794939042
2019-10-07 12:00:00,0.17066413,280,0.1754416346549988,0.21573085,-0.04028921127319335
2019-10-08 12:00:00,0.16752993,281,0.17156420648097992,0.21373194,-0.04216773808002472
2019-10-09 12:00:00,0.16619764,282,0.16955718994140626,0.21444227,-0.04488507807254791
2019-10-10 12:00:00,0.15227936,283,0.16759199053049087,0.20218302,-0.03459103256464005
2019-10-11 12:00:00,0.14602993,284,0.16453081667423247,0.23270407,-0.06817325651645662
2019-10-12 12:00:00,0.16454436,285,0.1656053379178047,0.22070266,-0.05509732514619828
2019-10-13 12:00:00,0.16917945,286,0.16547226905822754,0.21077365,-0.04530137777328491
2019-10-14 12:00:00,0.23806708,287,0.1707710936665535,0.24977106,-0.07899996489286423
2019-10-15 12:00:00,0.27996743,288,0.1809840440750122,0.26918527,-0.08820123076438904
2019-10-16 12:00:00,0.26554596,289,0.1920005276799202,0.270501,-0.07850046008825301
2019-10-17 12:00:00,0.3179189,290,0.2067260041832924,0.28497446,-0.07824845165014266
2019-10-18 12:00:00,0.32337344,291,0.2223103553056717,0.31070825,-0.08839789927005767
2019-10-19 12:00:00,,292,0.22854510115252602,0.30353272,-0.07498761845959556
2019-10-20 12:00:00,0.3573531,293,0.2513310710589091,0.33082974,-0.07949866851170856
2019-10-21 12:00:00,0.29515278,294,0.26790027651521897,0.33849204,-0.07059175935056472
2019-10-22 12:00:00,0.29256436,295,0.28212472134166294,0.3311898,-0.04906508988804287
2019-10-23 12:00:00,,296,0.29624287970364094,0.3397465,-0.04350362531840801
2019-10-24 12:00:00,0.3247731,297,0.3070811331272125,0.34023115,-0.03315001726150513
2019-10-25 12:00:00,0.31338912,298,0.31125884503126144,0.3398163,-0.02855745702981949
2019-10-26 12:00:00,0.29323694,299,0.3147202171385288,0.3385588,-0.023838575929403305
2019-10-27 12:00:00,0.28339776,300,0.31040507555007935,0.3363659,-0.025960832834243774
2019-10-28 12:00:00,0.27922052,301,0.30488596111536026,0.3254307,-0.020544730126857758
2019-10-29 12:00:00,0.31710234,302,0.30624333686298794,0.35444885,-0.048205518060260355
2019-10-30 12:00:00,0.29212186,303,0.2989954219924079,0.34866098,-0.049665553702248455
2019-10-31 12:00:00,0.37740976,304,0.30813508563571507,0.37075877,-0.06262368626064724
2019-11-01 12:00:00,0.31757447,305,0.31091398662990993,0.35243005,-0.04151605897479588
2019-11-02 12:00:00,0.3142281,306,0.311245396733284,0.3528227,-0.0415772944688797
2019-11-03 12:00:00,0.35187262,307,0.3139553487300873,0.3758835,-0.061928141117095936
2019-11-04 12:00:00,0.32369387,308,0.31498582363128663,0.36182922,-0.04684339761734008
2019-11-05 12:00:00,0.3137042,309,0.31703254878520964,0.36367443,-0.04664188325405122
2019-11-06 12:00:00,0.25926602,310,0.31461937427520753,0.35966298,-0.04504360556602477
2019-11-07 12:00:00,0.30921924,311,0.31761924624443055,0.36376706,-0.04614781141281127
2019-11-08 12:00:00,0.2873525,312,0.3146442621946335,0.3771041,-0.06245984137058258
2019-11-09 12:00:00,,313,0.31714675161573624,0.38398263,-0.06683587696817184
2019-11-10 12:00:00,0.2811777,314,0.30645430088043213,0.35275054,-0.04629623889923096
2019-11-11 12:00:00,0.2912091,315,0.30352481537395054,0.36016223,-0.05663741297192043
2019-11-12 12:00:00,0.29043317,316,0.30088093545701766,0.3595915,-0.058710578415128944
2019-11-13 12:00:00,0.32763824,317,0.2981882260905372,0.3596434,-0.061455173624886394
2019-11-14 12:00:00,,318,0.29500002041459084,0.35756534,-0.06256532296538353
2019-11-15 12:00:00,,319,0.2923279958111899,0.35579035,-0.06346235104969572
2019-11-16 12:00:00,,320,0.29783832530180615,0.35293368,-0.05509534974892932
2019-11-17 12:00:00,,321,0.2955621421337128,0.35801497,-0.062452828884124734
2019-11-18 12:00:00,,322,0.29761455208063126,0.33542517,-0.037810616195201874
2019-11-19 12:00:00,,323,0.29761455208063126,0.3313061,-0.03369154781103134
2019-11-20 12:00:00,,324,0.3030935029188792,0.34407833,-0.04098482926686603
2019-11-21 12:00:00,0.43323928,325,0.35043689608573914,0.35562962,-0.0051927268505096436
2019-11-22 12:00:00,,326,0.38043875992298126,0.36348972,0.016949042677879333
2019-11-23 12:00:00,0.38848105,327,0.41086016595363617,0.3509741,0.05988605320453644
2019-11-24 12:00:00,0.36995846,328,0.3972262640794118,0.36400625,0.03322001298268634
2019-11-25 12:00:00,0.43293145,329,0.40615256130695343,0.36372176,0.042430803179740906
2019-11-26 12:00:00,0.47089073,330,0.41910019516944885,0.36978522,0.04931497573852539
2019-11-27 12:00:00,0.38032475,331,0.4126376211643219,0.3540092,0.05862841010093689
2019-11-28 12:00:00,0.38712817,332,0.40899341447012766,0.3752758,0.033717623778751926
2019-11-29 12:00:00,0.43173876,333,0.41183658316731453,0.37872198,0.03311460092663765
2019-11-30 12:00:00,0.39952138,334,0.4104682273334927,0.36825508,0.042213148540920675
2019-12-01 12:00:00,0.41233945,335,0.4081460237503052,0.4031116,0.005034416913986206
2019-12-02 12:00:00,0.37425745,336,0.4047571659088135,0.38178217,0.0229749917984009
2019-12-03 12:00:00,,337,0.4065656231509315,0.35388464,0.05268098579512703
2019-12-04 12:00:00,,338,0.4111415185034275,0.386739,0.02440253272652626
2019-12-05 12:00:00,,339,0.4080286707196917,0.37170398,0.03632468836648123
2019-12-06 12:00:00,,340,0.39755166073640186,0.38722318,0.010328476627667726
2019-12-07 12:00:00,0.3397502,341,0.3907892356316249,0.3632648,0.027524436513582884
2019-12-08 12:00:00,0.3130352,342,0.3784404049317042,0.36811972,0.010320688287417112
2019-12-09 12:00:00,,343,0.3677807331085205,0.37827137,-0.01049063801765443
2019-12-10 12:00:00,,344,0.3598455712199211,0.36332893,-0.0034833624958992004
2019-12-11 12:00:00,,345,0.34234761198361713,0.39113528,-0.04878766338030499
2019-12-12 12:00:00,,346,0.32639269530773163,0.3816224,-0.055229708552360535
2019-12-13 12:00:00,0.36194924,347,0.33824487527211505,0.39665878,-0.05841390291849774
2019-12-14 12:00:00,0.3531144,348,0.3419622555375099,0.36300632,-0.021044068038463593
2019-12-15 12:00:00,0.35348472,349,0.3442667484283447,0.39022985,-0.045963102579116843
2019-12-16 12:00:00,,350,0.3442667484283447,0.37832853,-0.03406178355216982
2019-12-17 12:00:00,,351,0.34539588540792465,0.387156,-0.041760124266147614
2019-12-18 12:00:00,,352,0.3561827838420868,0.3737697,-0.01758691668510437
2019-12-19 12:00:00,0.49319732,353,0.39043641835451126,0.3839858,0.006450630724430084
2019-12-20 12:00:00,,354,0.39043641835451126,0.4497578,-0.05932139605283737
2019-12-21 12:00:00,0.50127405,355,0.4126039445400238,0.4269549,-0.014350950717926025
2019-12-22 12:00:00,0.44250357,356,0.417587215701739,0.42391795,-0.006330733497937502
2019-12-23 12:00:00,,357,0.4287148118019104,0.40459636,0.02411845326423645
2019-12-24 12:00:00,,358,0.4476149156689644,0.41222954,0.0353853777050972
2019-12-25 12:00:00,,359,0.4789916475613912,0.42910507,0.049886574347813906
2019-12-26 12:00:00,,360,0.4789916475613912,0.40299073,0.0760009189446767
2019-12-27 12:00:00,,361,0.4789916475613912,0.40802148,0.07097016771634418
2019-12-28 12:00:00,,362,0.4789916475613912,0.3838836,0.0951080520947774
2019-12-29 12:00:00,,363,0.47188881039619446,0.39591962,0.07596918940544128
2019-12-30 12:00:00,,364,0.47188881039619446,0.39280036,0.07908844947814941
2019-12-31 12:00:00,,365,0.44250357151031494,0.38301083,0.05949273705482483
2020-01-01 12:00:00,,1,,0.3864723,
2020-01-02 12:00:00,,2,,0.40218058,
2020-01-03 12:00:00,,3,,0.3910916,
2020-01-04 12:00:00,,4,,0.39495927,
2020-01-05 12:00:00,,5,,0.3713293,
2020-01-06 12:00:00,,6,,0.36444905,
2020-01-07 12:00:00,,7,,0.41802442,
2020-01-08 12:00:00,,8,,0.4172373,
2020-01-09 12:00:00,,9,,0.4056448,
2020-01-10 12:00:00,0.3459489,10,0.3459489047527313,0.38533783,-0.03938892483711243
2020-01-11 12:00:00,0.3297691,11,0.33785900473594666,0.3886183,-0.05075928568840027
2020-01-12 12:00:00,,12,0.33785900473594666,0.37092325,-0.03306424617767334
2020-01-13 12:00:00,,13,0.33785900473594666,0.38340485,-0.04554584622383118
2020-01-14 12:00:00,,14,0.33785900473594666,0.38811454,-0.050255537033081055
2020-01-15 12:00:00,,15,0.33785900473594666,0.38860998,-0.0507509708404541
2020-01-16 12:00:00,0.4274617,16,0.3677265743414561,0.38802296,-0.02029638489087421
2020-01-17 12:00:00,0.41916144,17,0.38058529049158096,0.38275933,-0.0021740421652793884
2020-01-18 12:00:00,0.40055874,18,0.3845799803733826,0.3798885,0.004691475629806541
2020-01-19 12:00:00,,19,0.3845799803733826,0.3720979,0.012482070922851585
2020-01-20 12:00:00,,20,0.3942377492785454,0.4105781,-0.016340352594852448
2020-01-21 12:00:00,,21,0.41572729746500653,0.40732408,0.00840322176615399
2020-01-22 12:00:00,,22,0.41572729746500653,0.40736237,0.008364925781885801
2020-01-23 12:00:00,0.43895,23,0.4215329736471176,0.39973465,0.021798327565193176
2020-01-24 12:00:00,0.44952476,24,0.42713133096694944,0.39047927,0.03665206432342527
2020-01-25 12:00:00,,25,0.42713133096694944,0.37558076,0.05155057311058042
2020-01-26 12:00:00,,26,0.4270487353205681,0.4056438,0.021404944360256195
2020-01-27 12:00:00,,27,0.4296778341134389,0.39556965,0.03410818179448444
2020-01-28 12:00:00,0.4397794,28,0.4427513877550761,0.37254143,0.07020996014277142
2020-01-29 12:00:00,0.42836723,29,0.43915534764528275,0.38716748,0.05198786407709122
2020-01-30 12:00:00,0.4625511,30,0.4438344955444336,0.40357998,0.040254515409469616
2020-01-31 12:00:00,0.45891026,31,0.44634712239106494,0.40741593,0.03893119593461353
2020-02-01 12:00:00,0.4787143,32,0.4509710030896323,0.41167966,0.03929134777614046
2020-02-02 12:00:00,0.45254588,33,0.4529132715293339,0.38835484,0.06455843363489422
2020-02-03 12:00:00,0.41938618,34,0.44860775981630596,0.37754154,0.0710662177630833
2020-02-04 12:00:00,0.38477612,35,0.4406288042664528,0.38968793,0.05094087868928909
2020-02-05 12:00:00,0.38374707,36,0.43430861168437535,0.3883758,0.0459328227572971
2020-02-06 12:00:00,0.39588863,37,0.4304666131734848,0.3859026,0.044563999772071816
2020-02-07 12:00:00,0.4187321,38,0.4283618837594986,0.3803881,0.0479737728834152
2020-02-08 12:00:00,0.38096932,39,0.4236220926046371,0.37012216,0.05349992811679838
2020-02-09 12:00:00,0.42427835,40,0.4197948187589645,0.39988688,0.01990794241428373
2020-02-10 12:00:00,0.40671173,41,0.4145749658346176,0.3737662,0.04080875217914581
2020-02-11 12:00:00,0.36600482,42,0.40330401957035067,0.3907012,0.012602815032005332
2020-02-12 12:00:00,0.37151504,43,0.3952009350061417,0.3791652,0.01603573262691499
2020-02-13 12:00:00,0.41579837,44,0.3948421537876129,0.38245866,0.012383496761322
2020-02-14 12:00:00,0.35974616,45,0.3923391580581665,0.37128645,0.021052706241607655
2020-02-15 12:00:00,0.34597352,46,0.3885618031024933,0.3670705,0.021491307020187367
2020-02-16 12:00:00,0.35256046,47,0.38422898650169374,0.35659084,0.02763814926147462
2020-02-17 12:00:00,0.40114903,48,0.3824706792831421,0.35714054,0.025330138206481945
2020-02-18 12:00:00,0.3378677,49,0.37816051840782167,0.33947995,0.03868056535720826
2020-02-19 12:00:00,0.33426726,50,0.369159409403801,0.33928862,0.029870787262916587
2020-02-20 12:00:00,0.32866168,51,0.3613544046878815,0.3627164,-0.0013620018959045188
2020-02-21 12:00:00,0.31898326,52,0.3566522479057312,0.34647006,0.010182189941406239
2020-02-22 12:00:00,0.33269694,53,0.35277043879032133,0.35201713,0.0007533043622970359
2020-02-23 12:00:00,0.34390664,54,0.34558126628398894,0.3525628,-0.006981518864631664
2020-02-24 12:00:00,0.30892152,55,0.3404988020658493,0.35007006,-0.009571257233619679
2020-02-25 12:00:00,0.3065325,56,0.3365547001361847,0.3392118,-0.0026570916175842063
2020-02-26 12:00:00,0.3002905,57,0.33132770359516145,0.34654975,-0.0152220457792282
2020-02-27 12:00:00,0.31871045,58,0.32308384478092195,0.33415344,-0.011069598793983448
2020-02-28 12:00:00,0.31504852,59,0.3208019256591797,0.3433372,-0.022535282373428334
2020-02-29 12:00:00,0.34757125,60,0.3221323251724243,0.3592928,-0.03716048002243044
2020-03-01 12:00:00,0.3593468,61,0.3252008378505707,0.35127714,-0.026076304912567128
2020-03-02 12:00:00,0.40152985,62,0.3334554970264435,0.35577622,-0.02232072353363035
2020-03-03 12:00:00,0.41314435,63,0.3415002375841141,0.3457021,-0.004201874136924744
2020-03-04 12:00:00,0.42350212,64,0.3494597852230072,0.3510044,-0.0015446066856384388
2020-03-05 12:00:00,0.4119511,65,0.3597627431154251,0.37957877,-0.019816026091575623
2020-03-06 12:00:00,0.3555807,66,0.3646675616502762,0.3632566,0.0014109581708908192
2020-03-07 12:00:00,0.3221231,67,0.3668508231639862,0.3625015,0.004349321126937866
2020-03-08 12:00:00,0.3280025,68,0.36778002977371216,0.37195396,-0.004173934459686279
2020-03-09 12:00:00,0.31836218,69,0.3681113958358765,0.36389956,0.004211837053298972
2020-03-10 12:00:00,0.39311767,70,0.3726660370826721,0.3726331,3.2937526702858655e-05
2020-03-11 12:00:00,0.433165,71,0.38004785776138306,0.38081348,-0.0007656216621398926
2020-03-12 12:00:00,0.31653583,72,0.37154845595359803,0.3562455,0.01530296802520753
2020-03-13 12:00:00,0.33090165,73,0.36332418620586393,0.33896935,0.02435483634471891
2020-03-14 12:00:00,0.3229775,74,0.35327172577381133,0.34914234,0.0041293829679489025
2020-03-15 12:00:00,0.30250496,75,0.3423271119594574,0.3434946,-0.0011674821376800315
2020-03-16 12:00:00,0.24773106,76,0.33154214918613434,0.34721887,-0.015676721930503845
2020-03-17 12:00:00,0.31504422,77,0.33083426058292387,0.33943242,-0.008598157763481162
2020-03-18 12:00:00,0.35600585,78,0.33363459408283236,0.3450849,-0.01145031154155729
2020-03-19 12:00:00,0.33259478,79,0.3350578546524048,0.34169653,-0.006638675928115845
2020-03-20 12:00:00,0.3458747,80,0.3303335577249527,0.33875456,-0.00842100679874419
2020-03-21 12:00:00,0.3687848,81,0.3238955348730087,0.35492712,-0.03103158771991732
2020-03-22 12:00:00,0.41485852,82,0.3337278038263321,0.36323926,-0.029511454701423634
2020-03-23 12:00:00,0.39305413,83,0.3399430513381958,0.36069483,-0.020751774311065674
2020-03-24 12:00:00,0.40241185,84,0.3478864848613739,0.3709216,-0.02303512692451476
2020-03-25 12:00:00,0.4142132,85,0.3590573102235794,0.3686362,-0.009578880667686474
2020-03-26 12:00:00,0.32670075,86,0.36695427894592286,0.35829222,0.008662056922912609
2020-03-27 12:00:00,0.34040788,87,0.36949064433574674,0.37313136,-0.0036407202482223733
2020-03-28 12:00:00,0.33690634,88,0.36758069396018983,0.3549411,0.012639594078063976
2020-03-29 12:00:00,0.35849434,89,0.3701706498861313,0.35757586,0.012594786286354076
2020-03-30 12:00:00,0.29375583,90,0.3649587631225586,0.3558557,0.009103059768676758
2020-03-31 12:00:00,0.34469375,91,0.36254965960979463,0.3544805,0.008069154620170604
2020-04-01 12:00:00,0.39158034,92,0.3602218419313431,0.35583833,0.004383513331413291
2020-04-02 12:00:00,0.4217061,93,0.36308704018592836,0.35406494,0.009022098779678356
2020-04-03 12:00:00,0.4101015,94,0.3638560056686401,0.35484082,0.009015190601348866
2020-04-04 12:00:00,0.373783,95,0.3598129838705063,0.3541897,0.005623289942741416
2020-04-05 12:00:00,0.4587156,96,0.3730144679546356,0.37724918,-0.004234713315963756
2020-04-06 12:00:00,0.42198318,97,0.3811719983816147,0.38376752,-0.002595517039299
2020-04-07 12:00:00,0.42118004,98,0.38959936797618866,0.37126312,0.018336251378059387
2020-04-08 12:00:00,0.44754082,99,0.3985040158033371,0.3731911,0.02531292736530305
2020-04-09 12:00:00,0.46228862,100,0.41535729467868804,0.39947268,0.01588461101055144
2020-04-10 12:00:00,0.49080908,101,0.4299688279628754,0.4066782,0.023290628194808982
2020-04-11 12:00:00,0.43138248,102,0.43394904136657714,0.37182865,0.06212039589881896
2020-04-12 12:00:00,0.39795503,103,0.4315739333629608,0.3634725,0.06810144186019895
2020-04-13 12:00:00,0.42598072,104,0.4331618547439575,0.3785857,0.05457615852355957
2020-04-14 12:00:00,0.42686847,105,0.4384704023599625,0.37482834,0.06364206373691561
2020-04-15 12:00:00,0.3682975,106,0.4294285923242569,0.38340855,0.04602004587650299
2020-04-16 12:00:00,0.42288226,107,0.4295184999704361,0.36466676,0.06485174000263216
2020-04-17 12:00:00,0.4797779,108,0.43537828624248504,0.3620403,0.07333797514438628
2020-04-18 12:00:00,0.44608498,109,0.43523270189762114,0.3637924,0.07144031226634978
2020-04-19 12:00:00,0.45239827,110,0.4342436671257019,0.3489082,0.08533548116683959
2020-04-20 12:00:00,0.43279263,111,0.4284420222043991,0.3273567,0.10108532607555387
2020-04-21 12:00:00,0.48344773,112,0.43364854753017423,0.370706,0.06294255554676054
2020-04-22 12:00:00,0.46031407,113,0.4398844510316849,0.38126603,0.058618423342704784
2020-04-23 12:00:00,0.42550716,114,0.43983709514141084,0.37284434,0.06699275672435762
2020-04-24 12:00:00,0.4437997,115,0.4415302187204361,0.38106364,0.06046657860279081
2020-04-25 12:00:00,0.41720775,116,0.44642124474048617,0.373349,0.07307223379611971
2020-04-26 12:00:00,0.41643918,117,0.4457769364118576,0.36050975,0.08526718318462373
2020-04-27 12:00:00,0.39104813,118,0.43690395951271055,0.34435433,0.09254962801933286
2020-04-28 12:00:00,0.3716733,119,0.4294627904891968,0.3453494,0.08411338925361633
2020-04-29 12:00:00,0.4032553,120,0.4245484948158264,0.35340473,0.07114376425743102
2020-04-30 12:00:00,0.46946388,121,0.4282156199216843,0.35873884,0.06947678029537202
2020-05-01 12:00:00,0.4412069,122,0.4239915370941162,0.34515187,0.07883966565132139
2020-05-02 12:00:00,0.42079407,123,0.42003953754901885,0.3272901,0.09274944961071013
2020-05-03 12:00:00,0.40901625,124,0.41839044690132143,0.32367495,0.09471549987792971
2020-05-04 12:00:00,0.43273917,125,0.4172843933105469,0.34570587,0.07157852649688723
2020-05-05 12:00:00,0.4185811,126,0.41742172837257385,0.32496586,0.09245586395263672
2020-05-06 12:00:00,0.40299118,127,0.4160769283771515,0.33617115,0.07990577816963196
2020-05-07 12:00:00,0.3889546,128,0.41586757600307467,0.34259048,0.07327709496021273
2020-05-08 12:00:00,0.38746598,129,0.4174468457698822,0.3237114,0.09373545050621035
2020-05-09 12:00:00,0.43937653,130,0.4210589677095413,0.33385935,0.0871996134519577
2020-05-10 12:00:00,0.4090708,131,0.4150196582078934,0.3284437,0.08657595217227937
2020-05-11 12:00:00,0.44208416,132,0.4151073843240738,0.31607383,0.09903354942798615
2020-05-12 12:00:00,0.4396467,133,0.4169926464557648,0.31999946,0.09699319005012513
2020-05-13 12:00:00,0.47748542,134,0.4238395631313324,0.3217737,0.10206585526466372
2020-05-14 12:00:00,0.4104689,135,0.421612536907196,0.30763957,0.11397296786308286
2020-05-15 12:00:00,0.44861865,136,0.4246162921190262,0.31382653,0.11078976094722748
2020-05-16 12:00:00,0.39711308,137,0.42402848303318025,0.29337522,0.13065325915813447
2020-05-17 12:00:00,0.41727445,138,0.4268604665994644,0.29360393,0.13325653970241547
2020-05-18 12:00:00,0.43748033,139,0.4318619012832642,0.27909195,0.15276994705200198
2020-05-19 12:00:00,0.39283004,140,0.4272072523832321,0.27549893,0.1517083257436752
2020-05-20 12:00:00,0.41669327,141,0.4279695004224777,0.29265648,0.135313019156456
2020-05-21 12:00:00,0.44686612,142,0.4284476965665817,0.29045328,0.13799441158771514
2020-05-22 12:00:00,0.35548535,143,0.4200315624475479,0.28784874,0.13218282163143158
2020-05-23 12:00:00,0.39663503,144,0.41194652318954467,0.29655153,0.11539499759674071
2020-05-24 12:00:00,0.4203072,145,0.4129303514957428,0.28669652,0.12623382806777955
2020-05-25 12:00:00,0.48962638,146,0.4170311242341995,0.2839278,0.13310332596302032
2020-05-26 12:00:00,0.4033632,147,0.41765613555908204,0.2766432,0.1410129487514496
2020-05-27 12:00:00,0.31063107,148,0.40699179768562316,0.26753294,0.1394588530063629
2020-05-28 12:00:00,0.3342079,149,0.39666455388069155,0.28073576,0.11592879295349123
2020-05-29 12:00:00,0.35743877,150,0.3931254267692566,0.282176,0.11094943881034852
2020-05-30 12:00:00,0.2931436,151,0.3807704597711563,0.267062,0.11370845139026642
2020-05-31 12:00:00,0.3059314,152,0.3666769862174988,0.26377013,0.10290685296058655
2020-06-01 12:00:00,0.3640417,153,0.36753261983394625,0.26343393,0.10409868657588961
2020-06-02 12:00:00,0.3831338,154,0.3661824971437454,0.24920358,0.11697891950607298
2020-06-03 12:00:00,0.35229188,155,0.359380966424942,0.2545854,0.1047955811023712
2020-06-04 12:00:00,0.28022233,156,0.3384405612945557,0.23397146,0.10446909964084627
2020-06-05 12:00:00,0.28601307,157,0.3267055481672287,0.24298702,0.08371852636337279
2020-06-06 12:00:00,0.25529367,158,0.32117180824279784,0.25036046,0.07081134915351867
2020-06-07 12:00:00,0.24429056,159,0.3121800750494003,0.2602583,0.05192178785800933
2020-06-08 12:00:00,0.21713561,160,0.2981497585773468,0.24395096,0.05419879555702212
2020-06-09 12:00:00,0.21148157,161,0.2899835556745529,0.24201131,0.04797224700450897
2020-06-10 12:00:00,0.23700392,162,0.2830908089876175,0.2494276,0.033663207292556785
2020-06-11 12:00:00,0.20622525,163,0.2673091650009155,0.23929234,0.02801682651042936
2020-06-12 12:00:00,0.18368039,164,0.24736382365226744,0.23142806,0.01593576669692992
2020-06-13 12:00:00,0.20758097,165,0.23289273232221602,0.25370026,-0.020807524025440227
2020-06-14 12:00:00,0.2294388,166,0.22781437933444976,0.23918368,-0.011369299888610851
2020-06-15 12:00:00,0.21893874,167,0.22110694646835327,0.24561907,-0.02451212704181671
2020-06-16 12:00:00,0.1935467,168,0.21493224948644638,0.21150397,0.0034282818436622564
2020-06-17 12:00:00,0.15158904,169,0.20566209703683852,0.20218836,0.0034737393260002025
2020-06-18 12:00:00,0.20557657,170,0.2045061931014061,0.21059585,-0.006089653074741352
2020-06-19 12:00:00,0.2093037,171,0.20428840667009354,0.21002267,-0.005734266340732569
2020-06-20 12:00:00,0.1702189,172,0.19760990440845488,0.2092912,-0.011681300401687633
2020-06-21 12:00:00,0.1969611,173,0.19668349027633666,0.21171898,-0.015035486221313482
2020-06-22 12:00:00,0.20613945,174,0.19892939627170564,0.20073542,-0.0018060237169265636
2020-06-23 12:00:00,0.19600384,175,0.19777168333530426,0.19126664,0.006505042314529419
2020-06-24 12:00:00,0.20881271,176,0.1957090750336647,0.20946647,-0.013757397234439861
2020-06-25 12:00:00,0.1994583,177,0.1937610313296318,0.19503342,-0.001272384822368633
2020-06-26 12:00:00,0.17303596,178,0.1917099580168724,0.17403437,0.01767558604478836
2020-06-27 12:00:00,0.16838351,179,0.19338940531015397,0.175508,0.017881397902965557
2020-06-28 12:00:00,0.21429336,180,0.19426108449697493,0.17673033,0.01753074973821639
2020-06-29 12:00:00,0.20204082,181,0.19353479593992234,0.17583379,0.017701004445552837
2020-06-30 12:00:00,0.18859096,182,0.19537200182676315,0.1712311,0.0241408959031105
2020-07-01 12:00:00,0.17102672,183,0.1927785634994507,0.17107482,0.021703740954399114
2020-07-02 12:00:00,0.17283405,184,0.18944802433252333,0.18684325,0.0026047781109809764
2020-07-03 12:00:00,0.17161478,185,0.18700911849737167,0.16736437,0.01964474469423294
2020-07-04 12:00:00,0.15894791,186,0.18202263861894608,0.16400291,0.018019728362560272
2020-07-05 12:00:00,0.15819032,187,0.1778958410024643,0.15672751,0.021168333292007457
2020-07-06 12:00:00,0.17048746,188,0.17764099091291427,0.16125287,0.01638811975717544
2020-07-07 12:00:00,0.16782574,189,0.17758521437644958,0.17356035,0.004024863243103027
2020-07-08 12:00:00,0.12984507,190,0.16914038509130477,0.16408993,0.0050504520535469
2020-07-09 12:00:00,0.15546007,191,0.16448231041431427,0.16080992,0.003672391176223755
2020-07-10 12:00:00,0.15568085,192,0.16119129955768585,0.15201591,0.009175390005111694
2020-07-11 12:00:00,0.13859043,193,0.1579476699233055,0.14798099,0.009966681897640217
2020-07-12 12:00:00,0.25203553,194,0.165867817401886,0.15456857,0.011299249529838573
2020-07-13 12:00:00,0.19186477,195,0.16789281666278838,0.14901066,0.018882158398628224
2020-07-14 12:00:00,0.19420847,196,0.1714188724756241,0.15113707,0.020281803607940685
2020-07-15 12:00:00,0.17546101,197,0.17314594089984894,0.14793977,0.025206169486045843
2020-07-16 12:00:00,0.16052777,198,0.17214997112751007,0.15029368,0.021856293082237244
2020-07-17 12:00:00,0.16534472,199,0.17190186828374862,0.14713536,0.024766506254673
2020-07-18 12:00:00,0.13670933,200,0.17258829474449158,0.14855132,0.024036979675292974
2020-07-19 12:00:00,0.122129165,201,0.16925520375370978,0.13800348,0.03125172033905982
2020-07-20 12:00:00,0.14378497,202,0.16806561574339868,0.14030196,0.0277636580169201
2020-07-21 12:00:00,0.16631149,203,0.1708377219736576,0.14557737,0.025260350853204716
2020-07-22 12:00:00,0.21309185,204,0.16694335415959358,0.14173962,0.025203732401132578
2020-07-23 12:00:00,0.20448175,205,0.16820505186915397,0.13674207,0.031462981551885594
2020-07-24 12:00:00,0.15360889,206,0.1641450934112072,0.13692208,0.027223017066717148
2020-07-25 12:00:00,0.15934919,207,0.1625339113175869,0.15447336,0.008060546964406973
2020-07-26 12:00:00,0.1517332,208,0.16165445521473884,0.13872933,0.022925121337175364
2020-07-27 12:00:00,0.15948828,209,0.16106881126761435,0.14153592,0.019532888382673252
2020-07-28 12:00:00,0.1523316,210,0.16263103857636452,0.14378485,0.018846187740564346
2020-07-29 12:00:00,0.1628203,211,0.16670015156269075,0.13714087,0.02955928146839143
2020-07-30 12:00:00,0.15060304,212,0.1673819586634636,0.13496916,0.03241279870271682
2020-07-31 12:00:00,0.13035814,213,0.16378662437200547,0.1300208,0.033765827119350444
2020-08-01 12:00:00,0.118456475,214,0.15432308688759805,0.14151715,0.012805939465761196
2020-08-02 12:00:00,0.1295492,215,0.14682983234524727,0.12886053,0.017969299107789993
2020-08-03 12:00:00,0.14402571,216,0.14587151482701302,0.13507284,0.010798672586679464
2020-08-04 12:00:00,0.15076488,217,0.14501308426260948,0.12868367,0.01632941290736198
2020-08-05 12:00:00,0.12936868,218,0.1427766315639019,0.12760268,0.0151739500463009
2020-08-06 12:00:00,0.1379051,219,0.14061831459403037,0.13374633,0.00687198862433433
2020-08-07 12:00:00,0.14245875,220,0.1396310292184353,0.12899292,0.01063811406493187
2020-08-08 12:00:00,0.12993501,221,0.13634250089526176,0.13119048,0.005152022093534464
2020-08-09 12:00:00,0.09518567,222,0.13080076351761818,0.12736617,0.0034345932304859217
2020-08-10 12:00:00,0.11420434,223,0.12918538302183152,0.13025206,-0.0010666802525520214
2020-08-11 12:00:00,0.1352304,224,0.1308627761900425,0.12690082,0.003961954265832901
2020-08-12 12:00:00,0.15050095,225,0.13295795097947122,0.12629405,0.0066639043390751
2020-08-13 12:00:00,0.12577617,226,0.13113299682736396,0.12029237,0.010840623825788487
2020-08-14 12:00:00,0.09808367,227,0.12586487531661988,0.11773699,0.008127887547016155
2020-08-15 12:00:00,0.10649663,228,0.12357767075300216,0.12634286,-0.002765192091465002
2020-08-16 12:00:00,0.10989785,229,0.12077694535255432,0.1207577,1.9246339797968082e-05
2020-08-17 12:00:00,0.12745358,230,0.11927642822265624,0.12799847,-0.008722043037414556
2020-08-18 12:00:00,0.13853759,231,0.12013668566942215,0.122881286,-0.0027446001768112183
2020-08-19 12:00:00,0.12763967,232,0.12338208556175231,0.12962584,-0.006243756413459783
2020-08-20 12:00:00,0.13545933,233,0.12550758495926856,0.12610762,-0.0006000332534313313
2020-08-21 12:00:00,0.17698576,234,0.12968311980366706,0.13803422,-0.008351104706525808
2020-08-22 12:00:00,0.1293727,235,0.12757029458880426,0.1377682,-0.010197899490594853
2020-08-23 12:00:00,0.12791431,236,0.12778410837054252,0.14141513,-0.013631025701761251
2020-08-24 12:00:00,0.10744912,237,0.12872065380215644,0.12603457,0.002686081081628794
2020-08-25 12:00:00,0.13733749,238,0.1318047396838665,0.14522703,-0.013422290235757833
2020-08-26 12:00:00,0.15399912,239,0.13621486648917197,0.14944483,-0.013229966908693325
2020-08-27 12:00:00,0.14613216,240,0.13808272406458855,0.15051888,-0.0124361552298069
2020-08-28 12:00:00,0.1358529,241,0.13781425580382348,0.1517701,-0.01395584419369697
2020-08-29 12:00:00,0.09715047,242,0.13476533591747283,0.14100519,-0.006239852309226995
2020-08-30 12:00:00,0.13068534,243,0.1342879369854927,0.15705961,-0.02277167290449142
2020-08-31 12:00:00,0.098298445,244,0.12641920596361161,0.1348131,-0.008393894135951985
2020-09-01 12:00:00,0.12731442,245,0.1262133777141571,0.141397,-0.01518362164497375
2020-09-02 12:00:00,0.10032204,246,0.123454150557518,0.157315,-0.03386085033416748
2020-09-03 12:00:00,0.09468769,247,0.12217800766229629,0.14278199,-0.020603980123996737
2020-09-04 12:00:00,0.11561833,248,0.12000609189271927,0.15626027,-0.03625417500734329
2020-09-05 12:00:00,0.121425,249,0.11674868017435074,0.1519004,-0.035151715576648715
2020-09-06 12:00:00,0.12541753,250,0.1146772176027298,0.16519362,-0.05051639974117279
2020-09-07 12:00:00,0.13059704,251,0.114151631295681,0.1652146,-0.05106296688318253
2020-09-08 12:00:00,0.15648538,252,0.12008512243628502,0.17137599,-0.051290867477655405
2020-09-09 12:00:00,0.109635495,253,0.11798013746738434,0.16883884,-0.05085870623588562
2020-09-10 12:00:00,0.114986554,254,0.11964894831180573,0.16686703,-0.04721808433532715
2020-09-11 12:00:00,0.11055396,255,0.11797290220856667,0.1676229,-0.04964999184012413
2020-09-12 12:00:00,0.115168765,256,0.11945757493376732,0.18125947,-0.061801893264055247
2020-09-13 12:00:00,0.14068343,257,0.12405714839696884,0.1945393,-0.0704821452498436
2020-09-14 12:00:00,0.12690534,258,0.12518584877252578,0.21420695,-0.08902110010385514
2020-09-15 12:00:00,0.14563715,259,0.12760706394910812,0.23211169,-0.10450462847948075
2020-09-16 12:00:00,0.12355426,260,0.12742073684930802,0.22762647,-0.10020573586225509
2020-09-17 12:00:00,0.13821143,261,0.12818217575550078,0.23051277,-0.10233059227466584
2020-09-18 12:00:00,0.25098768,262,0.13763240575790406,0.22309914,-0.08546673655509948
2020-09-19 12:00:00,0.35070255,263,0.16173911169171334,0.22335371,-0.06161460205912589
2020-09-20 12:00:00,0.35648048,264,0.18588850423693656,0.22350381,-0.0376153089106083
2020-09-21 12:00:00,0.29063854,265,0.20389696210622787,0.22417666,-0.020279698073863983
2020-09-22 12:00:00,0.2894252,266,0.22132260501384735,0.22469865,-0.003376042842864996
2020-09-23 12:00:00,0.27800348,267,0.2350546106696129,0.23496915,8.545666933060247e-05
2020-09-24 12:00:00,0.29148597,268,0.2515126734972,0.22326708,0.02824559509754182
2020-09-25 12:00:00,0.26343083,269,0.2632920414209366,0.21399032,0.04930172562599183
2020-09-26 12:00:00,0.24733847,270,0.275670462846756,0.21629143,0.059379035234451316
2020-09-27 12:00:00,0.2510817,271,0.28695749044418334,0.22335252,0.06360496878623961
2020-09-28 12:00:00,0.2470377,272,0.28656249195337297,0.21668711,0.06987537890672685
2020-09-29 12:00:00,0.22136636,273,0.27362887263298036,0.21051738,0.0631114959716797
2020-09-30 12:00:00,0.22419043,274,0.2603998675942421,0.22752136,0.0328785076737404
2020-10-01 12:00:00,0.1932897,275,0.250664983689785,0.21836643,0.03229855448007585
2020-10-02 12:00:00,0.26834768,276,0.24855723232030869,0.22464703,0.023910202085971832
2020-10-03 12:00:00,0.231068,277,0.2438636839389801,0.21582069,0.028042998909950267
2020-10-04 12:00:00,0.23504597,278,0.2382196843624115,0.2310855,0.007134190201759344
2020-10-05 12:00:00,0.22695553,279,0.23457215428352357,0.22444333,0.010128822922706615
2020-10-06 12:00:00,0.22142412,280,0.23198071867227554,0.21573085,0.016249872744083405
2020-10-07 12:00:00,0.21680094,281,0.22855264246463775,0.21373194,0.014820697903633107
2020-10-08 12:00:00,0.19389841,282,0.22323871403932571,0.21444227,0.008796446025371552
2020-10-09 12:00:00,0.1659721,283,0.2176992878317833,0.20218302,0.01551626473665238
2020-10-10 12:00:00,0.20137288,284,0.21541753262281418,0.23270407,-0.017286540567874903
2020-10-11 12:00:00,0.17644903,285,0.21373346596956252,0.22070266,-0.006969197094440466
2020-10-12 12:00:00,0.15570915,286,0.20246961265802382,0.21077365,-0.008304034173488628
2020-10-13 12:00:00,0.1588965,287,0.19525246322155,0.24977106,-0.05451859533786774
2020-10-14 12:00:00,0.16759443,288,0.1885073095560074,0.26918527,-0.08067796528339385
2020-10-15 12:00:00,0.14969844,289,0.18078159987926484,0.270501,-0.08971938788890838
2020-10-16 12:00:00,0.15232225,290,0.17387141287326813,0.28497446,-0.11110304296016693
2020-10-17 12:00:00,0.14652243,291,0.16684356182813645,0.31070825,-0.14386469274759292
2020-10-18 12:00:00,0.16042703,292,0.1634964242577553,0.30353272,-0.1400362953543663
2020-10-19 12:00:00,0.17961884,293,0.16486109793186188,0.33082974,-0.1659686416387558
2020-10-20 12:00:00,,294,0.16080423361725277,0.33849204,-0.17768780224853092
2020-10-21 12:00:00,0.4078493,295,0.18651537597179413,0.3311898,-0.14467443525791168
2020-10-22 12:00:00,0.4038924,296,0.21409129268593258,0.3397465,-0.12565521233611637
2020-10-23 12:00:00,0.38371465,297,0.2390710860490799,0.34023115,-0.10116006433963776
2020-10-24 12:00:00,0.37761733,298,0.26240696344110703,0.3398163,-0.0774093386199739
2020-10-25 12:00:00,0.42675936,299,0.293191510770056,0.3385588,-0.04536728229787612
2020-10-26 12:00:00,0.38266852,300,0.31878554158740574,0.3363659,-0.01758036679691738
2020-10-27 12:00:00,0.37871048,301,0.34458421336279976,0.3254307,0.019153522120581745
2020-10-28 12:00:00,0.47454333,302,0.3794860243797302,0.35444885,0.025037169456481934
2020-10-29 12:00:00,0.388605,303,0.40270670917299056,0.34866098,0.05404573347833419
2020-10-30 12:00:00,0.4017311,304,0.40260914862155917,0.37075877,0.03185037672519686
2020-10-31 12:00:00,0.37483665,305,0.3993078827857971,0.35243005,0.046877837181091286
2020-11-01 12:00:00,0.40056866,306,0.3989755094051361,0.3528227,0.0461528182029724
2020-11-02 12:00:00,0.3591482,307,0.3965188652276993,0.3758835,0.020635375380516074
2020-11-03 12:00:00,0.3576238,308,0.3945195108652115,0.36182922,0.03269028961658477
2020-11-04 12:00:00,0.344539,309,0.3862974733114243,0.36367443,0.022623041272163413
2020-11-05 12:00:00,0.38095394,310,0.38612601459026336,0.35966298,0.026463034749031056
2020-11-06 12:00:00,0.40829614,311,0.38908458054065703,0.36376706,0.02531752288341521
2020-11-07 12:00:00,0.49877736,312,0.39150798320770264,0.3771041,0.014403879642486572
2020-11-08 12:00:00,0.44336304,313,0.3969837874174118,0.38398263,0.013001158833503723
2020-11-09 12:00:00,0.43684724,314,0.4004954010248184,0.35275054,0.04774486124515531
2020-11-10 12:00:00,0.41920933,315,0.40493266880512235,0.36016223,0.04477044045925138
2020-11-11 12:00:00,0.38919228,316,0.40379503071308137,0.3595915,0.044203516840934765
2020-11-12 12:00:00,0.40923607,317,0.40880381762981416,0.3596434,0.049160417914390575
2020-11-13 12:00:00,0.3691192,318,0.4099533587694168,0.35756534,0.05238801538944243
2020-11-14 12:00:00,0.41423827,319,0.4169232875108719,0.35579035,0.061132940649986256
2020-11-15 12:00:00,0.44189498,320,0.4230173915624619,0.35293368,0.0700837165117264
2020-11-16 12:00:00,0.41565973,321,0.4237537503242493,0.35801497,0.06573877930641175
2020-11-17 12:00:00,0.41017467,322,0.41489348113536834,0.33542517,0.0794683128595352
2020-11-18 12:00:00,0.39049602,323,0.4096067786216736,0.3313061,0.07830067873001101
2020-11-19 12:00:00,0.37436393,324,0.4033584475517273,0.34407833,0.059280115365982045
2020-11-20 12:00:00,0.37178025,325,0.3986155390739441,0.35562962,0.04298591613769531
2020-11-21 12:00:00,0.36517426,326,0.3962137371301651,0.36348972,0.03272401988506318
2020-11-22 12:00:00,0.34978,327,0.3902681291103363,0.3509741,0.03929401636123658
2020-11-23 12:00:00,0.3447172,328,0.387827929854393,0.36400625,0.023821678757667553
2020-11-24 12:00:00,0.34280255,329,0.38068435788154603,0.36372176,0.016962599754333507
2020-11-25 12:00:00,0.43037048,330,0.3795319080352783,0.36978522,0.009746688604354847
2020-11-26 12:00:00,0.42195407,331,0.3801613420248032,0.3540092,0.026152130961418163
2020-11-27 12:00:00,0.4248441,332,0.3816282838582993,0.3752758,0.006352493166923545
2020-11-28 12:00:00,0.39859447,333,0.3824381291866302,0.37872198,0.003716146945953347
2020-11-29 12:00:00,0.42393357,334,0.3873950928449631,0.36825508,0.019140014052391074
2020-11-30 12:00:00,0.4563789,335,0.3958549588918686,0.4031116,-0.007256647944450356
2020-12-01 12:00:00,0.4060384,336,0.3999413728713989,0.38178217,0.018159198760986317
2020-12-02 12:00:00,0.38735744,337,0.40369911789894103,0.35388464,0.049814480543136586
2020-12-03 12:00:00,0.379353,338,0.40716269612312317,0.386739,0.020423710346221924
2020-12-04 12:00:00,0.4179144,339,0.4146738797426224,0.37170398,0.042969897389411926
2020-12-05 12:00:00,0.36931092,340,0.4085679233074188,0.38722318,0.02134473919868468
2020-12-06 12:00:00,0.3749078,341,0.4038632959127426,0.3632648,0.04059849679470062
2020-12-07 12:00:00,0.38589597,342,0.39996848404407503,0.36811972,0.031848767399787925
2020-12-08 12:00:00,0.41152614,343,0.4012616515159607,0.37827137,0.02299028038978579
2020-12-09 12:00:00,0.38257012,344,0.397125306725502,0.36332893,0.03379637300968169
2020-12-10 12:00:00,0.43433827,345,0.3949212431907654,0.39113528,0.0037859678268432617
2020-12-11 12:00:00,0.4280894,346,0.3971263438463211,0.3816224,0.015503939986228954
2020-12-12 12:00:00,0.44983247,347,0.40337384641170504,0.39665878,0.006715068221092246
2020-12-13 12:00:00,0.4304901,348,0.40848755836486816,0.36300632,0.04548123478889465
2020-12-14 12:00:00,0.4283154,349,0.40952765941619873,0.39022985,0.019297808408737183
2020-12-15 12:00:00,0.36775398,350,0.40937196612358095,0.37832853,0.03104343414306643
2020-12-16 12:00:00,0.44459122,351,0.416340309381485,0.387156,0.02918429970741271
2020-12-17 12:00:00,0.38948062,352,0.4166987746953964,0.3737697,0.04292907416820524
2020-12-18 12:00:00,0.39654323,353,0.4152004837989807,0.3839858,0.031214696168899547
2020-12-19 12:00:00,0.47652397,354,0.4245958685874939,0.4497578,-0.02516194581985476
2020-12-20 12:00:00,0.39281845,355,0.4204438865184784,0.4269549,-0.006511008739471413
2020-12-21 12:00:00,0.41687143,356,0.41932208836078644,0.42391795,-0.004595860838890076
2020-12-22 12:00:00,0.4267675,357,0.4170155912637711,0.40459636,0.01241923272609713
2020-12-23 12:00:00,0.42500678,358,0.4164672583341599,0.41222954,0.004237720370292686
2020-12-24 12:00:00,0.422663,359,0.4159020185470581,0.42910507,-0.013203054666519165
2020-12-25 12:00:00,0.39683613,360,0.41881023347377777,0.40299073,0.015819504857063293
2020-12-26 12:00:00,0.3904319,361,0.4133943021297455,0.40802148,0.005372822284698486
2020-12-27 12:00:00,0.38196373,362,0.41264261305332184,0.3838836,0.02875901758670807
2020-12-28 12:00:00,0.39885634,363,0.41287392377853394,0.39591962,0.01695430278778076
2020-12-29 12:00:00,0.38884827,364,0.4041063547134399,0.39280036,0.011305993795394875
2020-12-30 12:00:00,0.36697796,365,0.4015223056077957,0.38301083,0.018511471152305614
2020-12-31 12:00:00,0.3702478,366,0.39685994386672974,0.3702478,0.026612132787704468
2021-01-01 12:00:00,0.3798003,1,0.39216322302818296,0.3864723,0.005690908432006814
2021-01-02 12:00:00,0.35951054,2,0.38561359941959383,0.40218058,-0.016566982865333535
2021-01-03 12:00:00,0.3502268,3,0.37836997807025907,0.3910916,-0.012721607089042686
2021-01-04 12:00:00,0.36978433,4,0.3756647974252701,0.39495927,-0.01929447352886199
2021-01-05 12:00:00,0.3283347,5,0.36945507526397703,0.3713293,-0.0018742322921753152
2021-01-06 12:00:00,0.32470885,6,0.36372958719730375,0.36444905,-0.000719466805458091
2021-01-07 12:00:00,0.3405935,7,0.35790330171585083,0.41802442,-0.060121119022369385
2021-01-08 12:00:00,0.34699386,8,0.3537178605794907,0.4172373,-0.06351945102214812
2021-01-09 12:00:00,0.38568917,9,0.3555889815092087,0.4056448,-0.05005582273006437
2021-01-10 12:00:00,0.3126595,10,0.34983015060424805,0.38533783,-0.0355076789855957
2021-01-11 12:00:00,0.34004277,11,0.3458543986082077,0.3886183,-0.04276389181613921
2021-01-12 12:00:00,0.31621063,12,0.3415244072675705,0.37092325,-0.0293988436460495
2021-01-13 12:00:00,0.32848573,13,0.33935030102729796,0.38340485,-0.04405454993247987
2021-01-14 12:00:00,0.32809317,14,0.3351811856031418,0.38811454,-0.0529333561658859
2021-01-15 12:00:00,0.3501109,15,0.3373588055372238,0.38860998,-0.05125117003917695
2021-01-16 12:00:00,0.34205773,16,0.3390936940908432,0.38802296,-0.0489292651414871
2021-01-17 12:00:00,0.3455136,17,0.33958570659160614,0.38275933,-0.04317362606525421
2021-01-18 12:00:00,0.3334277,18,0.33822908997535706,0.3798885,-0.041659414768218994
2021-01-19 12:00:00,0.3407166,19,0.3337318331003189,0.3720979,-0.03836607635021211
2021-01-20 12:00:00,0.40396196,20,0.34286207854747774,0.4105781,-0.06771602332592008
2021-01-21 12:00:00,0.41924283,21,0.35078208446502684,0.40732408,-0.056541991233825695
2021-01-22 12:00:00,0.47130626,22,0.36629164814949033,0.40736237,-0.04107072353363039
2021-01-23 12:00:00,0.42424423,23,0.37586749792099,0.39973465,-0.023867148160934437
2021-01-24 12:00:00,0.41559073,24,0.38461725413799286,0.39047927,-0.005862012505531311
2021-01-25 12:00:00,0.44988146,25,0.39459431171417236,0.37558076,0.019013553857803345
2021-01-26 12:00:00,0.47457573,26,0.40784611105918883,0.4056438,0.002202320098876942
2021-01-27 12:00:00,0.4231837,27,0.41561312079429624,0.39556965,0.020043468475341775
2021-01-28 12:00:00,0.42728177,28,0.424998527765274,0.37254143,0.05245710015296934
2021-01-29 12:00:00,0.44643712,29,0.4355705797672272,0.38716748,0.048403096199035656
2021-01-30 12:00:00,0.45991218,30,0.4411656022071838,0.40357998,0.037585622072219826
2021-01-31 12:00:00,0.46686378,31,0.44592769742012023,0.40741593,0.03851177096366881
2021-02-01 12:00:00,0.4075049,32,0.43954755961894987,0.41167966,0.027867904305458047
2021-02-02 12:00:00,0.46973825,33,0.4440969616174698,0.38835484,0.05574212372303011
2021-02-03 12:00:00,0.4290116,34,0.4454390496015549,0.37754154,0.06789750754833224
2021-02-04 12:00:00,0.43404362,35,0.4438552647829056,0.38968793,0.054167339205741905
2021-02-05 12:00:00,0.45894405,36,0.4422920972108841,0.3883758,0.053916308283805836
2021-02-06 12:00:00,0.5158647,37,0.4515601933002472,0.3859026,0.06565757989883425
2021-02-07 12:00:00,0.44905597,38,0.45373761355876924,0.3803881,0.07334950268268586
2021-02-08 12:00:00,0.4488422,39,0.45397812128067017,0.37012216,0.08385595679283142
2021-02-09 12:00:00,0.46644744,40,0.4546316474676132,0.39988688,0.05474477112293241
2021-02-10 12:00:00,0.47111526,41,0.45505679547786715,0.3737662,0.08129058182239535
2021-02-11 12:00:00,0.50206167,42,0.46451247334480283,0.3907012,0.0738112688064575
2021-02-12 12:00:00,0.47666588,43,0.46520523726940155,0.3791652,0.08604003489017487
2021-02-13 12:00:00,0.4440116,44,0.46670523583889006,0.38245866,0.08424657881259917
2021-02-14 12:00:00,0.41625893,45,0.46492676734924315,0.37128645,0.09364031553268432
2021-02-15 12:00:00,0.42133546,46,0.4611659079790115,0.3670705,0.09409541189670562
2021-02-16 12:00:00,0.42642203,47,0.45222164392471315,0.35659084,0.09563080668449403
2021-02-17 12:00:00,0.44691136,48,0.45200718343257906,0.35714054,0.0948666423559189
2021-02-18 12:00:00,0.41007435,49,0.44813039898872375,0.33947995,0.10865044593811035
2021-02-19 12:00:00,0.4336612,50,0.44485177397727965,0.33928862,0.10556315183639525
2021-02-20 12:00:00,0.4009314,51,0.4378333866596222,0.3627164,0.07511698007583617
2021-02-21 12:00:00,0.40511918,52,0.4281391382217407,0.34647006,0.08166908025741576
2021-02-22 12:00:00,0.39600357,53,0.4200729072093964,0.35201713,0.06805577278137209
2021-02-23 12:00:00,0.41023597,54,0.4166953444480896,0.3525628,0.06413255929946898
2021-02-24 12:00:00,0.40592661,55,0.4156621128320694,0.35007006,0.06559205353260039
2021-02-25 12:00:00,0.44829914,56,0.41835848093032835,0.3392118,0.07914668917655943
2021-02-26 12:00:00,0.41215646,57,0.41693192422389985,0.34654975,0.0703821748495102
2021-02-27 12:00:00,0.4196783,58,0.41420861780643464,0.33415344,0.08005517423152925
2021-02-28 12:00:00,0.41094902,59,0.4142960846424103,0.3433372,0.07095887660980227
2021-03-01 12:00:00,0.40301645,60,0.41123161017894744,0.3592928,0.0519388049840927
2021-03-02 12:00:00,0.39717838,61,0.4108563095331192,0.35127714,0.05957916676998137
2021-03-03 12:00:00,0.4024432,62,0.41058871150016785,0.35577622,0.054812490940093994
2021-03-04 12:00:00,0.39002445,63,0.4099907994270325,0.3457021,0.06428868770599366
2021-03-05 12:00:00,0.3728038,64,0.40624758303165437,0.3510044,0.05524319112300874
2021-03-06 12:00:00,0.37167904,65,0.40282282531261443,0.37957877,0.023244056105613697
2021-03-07 12:00:00,0.35113114,66,0.3931060254573822,0.3632566,0.029849421977996837
2021-03-08 12:00:00,0.3063442,67,0.38252480030059816,0.3625015,0.020023298263549816
2021-03-09 12:00:00,0.3529625,68,0.37585321962833407,0.37195396,0.00389925539493563
2021-03-10 12:00:00,0.34917736,69,0.36967605352401733,0.36389956,0.005776494741439819
2021-03-11 12:00:00,0.39035577,70,0.3684099853038788,0.3726331,-0.004223114252090432
2021-03-12 12:00:00,0.39897254,71,0.3685894012451172,0.38081348,-0.012224078178405762
2021-03-13 12:00:00,0.33258447,72,0.3616035282611847,0.3562455,0.0053580403327941895
2021-03-14 12:00:00,0.3346769,73,0.35606877207756044,0.33896935,0.017099422216415416
2021-03-15 12:00:00,0.3348379,74,0.3522721827030182,0.34914234,0.0031298398971557617
2021-03-16 12:00:00,0.3516979,75,0.35027406811714173,0.3434946,0.0067794740200042836
2021-03-17 12:00:00,0.34814584,76,0.3499755382537842,0.34721887,0.002756667137146007
2021-03-18 12:00:00,0.30363286,77,0.3497044026851654,0.33943242,0.010271984338760365
2021-03-19 12:00:00,0.28099865,78,0.3425080180168152,0.3450849,-0.002576887607574463
2021-03-20 12:00:00,0.2898632,79,0.3365766018629074,0.34169653,-0.005119928717613242
2021-03-21 12:00:00,0.28759432,80,0.3263004571199417,0.33875456,-0.012454107403755188
2021-03-22 12:00:00,0.33224964,81,0.3196281671524048,0.35492712,-0.03529895544052125
2021-03-23 12:00:00,0.29713735,82,0.3160834550857544,0.36323926,-0.04715580344200132
2021-03-24 12:00:00,0.2886243,83,0.31147819459438325,0.36069483,-0.049216631054878224
2021-03-25 12:00:00,0.28102225,84,0.3060966283082962,0.3709216,-0.06482498347759247
2021-03-26 12:00:00,0.29170877,85,0.3000977158546448,0.3686362,-0.06853847503662108
2021-03-27 12:00:00,0.2257054,86,0.28785367161035535,0.35829222,-0.0704385504126549
2021-03-28 12:00:00,0.29855388,87,0.2873457744717598,0.37313136,-0.08578559011220932
2021-03-29 12:00:00,0.31524217,88,0.2907701268792152,0.3549411,-0.06417097300291064
2021-03-30 12:00:00,0.3240927,89,0.29419307559728625,0.35757586,-0.06338278800249098
2021-03-31 12:00:00,0.30301073,90,0.29573471695184705,0.3558557,-0.06012098640203478
2021-04-01 12:00:00,0.3044726,91,0.2929570123553276,0.3544805,-0.061523492634296406
2021-04-02 12:00:00,0.4018116,92,0.30342443734407426,0.35583833,-0.05241389125585555
2021-04-03 12:00:00,0.3539506,93,0.30995706766843795,0.35406494,-0.04410787373781205
2021-04-04 12:00:00,0.32640517,94,0.31449535936117173,0.35484082,-0.040345455706119526
2021-04-05 12:00:00,0.32493615,95,0.3178180977702141,0.3541897,-0.03637159615755081
2021-04-06 12:00:00,0.3249528,96,0.3277428388595581,0.37724918,-0.04950634241104124
2021-04-07 12:00:00,0.2885985,97,0.32674730122089385,0.38376752,-0.05702021420001985
2021-04-08 12:00:00,0.3196725,98,0.32719033360481264,0.37126312,-0.04407278299331663
2021-04-09 12:00:00,0.32597035,99,0.32737810015678404,0.3731911,-0.04581298828125002
2021-04-10 12:00:00,0.40982738,100,0.33805976510047914,0.39947268,-0.06141291856765746
2021-04-11 12:00:00,0.49608395,101,0.35722090005874635,0.4066782,-0.04945729970932006
2021-04-12 12:00:00,0.39979023,102,0.3570187628269196,0.37182865,-0.0148098826408386
2021-04-13 12:00:00,0.40444106,103,0.36206780970096586,0.3634725,-0.0014046818017959817
2021-04-14 12:00:00,0.41967028,104,0.3713943213224411,0.3785857,-0.007191374897956848
2021-04-15 12:00:00,0.4635443,105,0.38525513708591463,0.37482834,0.010426798462867759
2021-04-16 12:00:00,0.4354507,106,0.39630492627620695,0.38340855,0.012896379828453042
2021-04-17 12:00:00,0.38275024,107,0.4057200998067856,0.36466676,0.04105333983898163
2021-04-18 12:00:00,0.35541415,108,0.4092942655086517,0.3620403,0.04725395441055297
2021-04-19 12:00:00,0.37299484,109,0.4139967143535614,0.3637924,0.05020432472229003
2021-04-20 12:00:00,0.40108708,110,0.41312268376350403,0.3489082,0.06421449780464172
2021-04-21 12:00:00,0.35472476,111,0.39898676574230196,0.3273567,0.07163006961345675
2021-04-22 12:00:00,0.5111982,112,0.41012756526470184,0.370706,0.03942157328128815
2021-04-23 12:00:00,0.44458854,113,0.4141423135995865,0.38126603,0.03287628591060637
2021-04-24 12:00:00,0.4193509,114,0.4141103744506836,0.37284434,0.04126603603363038
2021-04-25 12:00:00,0.40818137,115,0.4085740804672241,0.38106364,0.027510440349578835
2021-04-26 12:00:00,0.4509941,116,0.41012842059135435,0.373349,0.03677940964698789
2021-04-27 12:00:00,0.43451867,117,0.41530526280403135,0.36050975,0.05479550957679746
2021-04-28 12:00:00,0.37040725,118,0.4168045729398727,0.34435433,0.07245024144649503
2021-04-29 12:00:00,0.4085225,119,0.42035733759403227,0.3453494,0.07500793635845182
2021-04-30 12:00:00,0.35664377,120,0.4159130066633224,0.35340473,0.06250827610492704
2021-05-01 12:00:00,0.36261758,121,0.4167022883892059,0.35873884,0.057963448762893666
2021-05-02 12:00:00,0.36000615,122,0.4015830814838409,0.34515187,0.05643121004104612
2021-05-03 12:00:00,0.36518836,123,0.3936430633068085,0.3272901,0.06635297536849977
2021-05-04 12:00:00,0.35173407,124,0.38688138127326965,0.32367495,0.06320643424987793
2021-05-05 12:00:00,0.36964172,125,0.38302741646766664,0.34570587,0.03732154965400697
2021-05-06 12:00:00,0.35890138,126,0.37381814420223236,0.32496586,0.04885227978229523
2021-05-07 12:00:00,0.3441557,127,0.3647818475961685,0.33617115,0.028610697388648965
2021-05-08 12:00:00,0.33800402,128,0.3615415245294571,0.34259048,0.018951043486595154
2021-05-09 12:00:00,0.32203066,129,0.35289234220981597,0.3237114,0.029180946946144093
2021-05-10 12:00:00,0.38188064,130,0.35541602969169617,0.33385935,0.02155667543411255
2021-05-11 12:00:00,0.38806066,131,0.3579603374004364,0.3284437,0.02951663136482241
2021-05-12 12:00:00,0.40832338,132,0.3627920597791672,0.31607383,0.04671822488307953
2021-05-13 12:00:00,0.3568019,133,0.3619534134864807,0.31999946,0.04195395708084104
2021-05-14 12:00:00,0.35214722,134,0.3619947284460068,0.3217737,0.040221020579338074
2021-05-15 12:00:00,0.3619338,135,0.3612239360809326,0.30763957,0.05358436703681946
2021-05-16 12:00:00,0.38354385,136,0.36368818283081056,0.31382653,0.04986165165901185
2021-05-17 12:00:00,0.3371164,137,0.3629842519760132,0.29337522,0.06960902810096742
2021-05-18 12:00:00,0.3170747,138,0.360891318321228,0.29360393,0.06728739142417905
2021-05-19 12:00:00,0.31037933,139,0.35972618460655215,0.27909195,0.08063423037528994
2021-05-20 12:00:00,0.29539615,140,0.35107773542404175,0.27549893,0.07557880878448486
2021-05-21 12:00:00,0.32864568,141,0.3451362371444702,0.29265648,0.0524797558784485
2021-05-22 12:00:00,0.25401783,142,0.32970568239688874,0.29045328,0.03925239741802217
2021-05-23 12:00:00,0.23664756,143,0.3176902487874031,0.28784874,0.029841507971286763
2021-05-24 12:00:00,0.27354994,144,0.30983052104711534,0.29655153,0.013278995454311382
2021-05-25 12:00:00,0.25186917,145,0.2988240584731102,0.28669652,0.012127535045146964
2021-05-26 12:00:00,0.27469814,146,0.2879394873976707,0.2839278,0.004011689126491524
2021-05-27 12:00:00,0.25157875,147,0.2793857231736183,0.2766432,0.0027425363659858704
2021-05-28 12:00:00,0.26701778,148,0.2743800327181816,0.26753294,0.006847088038921367
2021-05-29 12:00:00,0.27043086,149,0.27038518637418746,0.28073576,-0.010350574553012859
2021-05-30 12:00:00,0.25468692,150,0.26631426364183425,0.282176,-0.015861724317073833
2021-05-31 12:00:00,0.267593,151,0.2602089956402779,0.267062,-0.006853012740612008
2021-06-01 12:00:00,0.24274956,152,0.259082168340683,0.26377013,-0.004687964916229248
2021-06-02 12:00:00,0.21861419,153,0.2572788313031197,0.26343393,-0.006155101954936959
2021-06-03 12:00:00,0.21976976,154,0.25190081298351286,0.24920358,0.002697235345840432
2021-06-04 12:00:00,0.19624539,155,0.24633843451738358,0.2545854,-0.008246950805187225
2021-06-05 12:00:00,0.20537362,156,0.23940598219633102,0.23397146,0.0054345205426216125
2021-06-06 12:00:00,0.21616723,157,0.23586483001708985,0.24298702,-0.007122191786766041
2021-06-07 12:00:00,0.21888864,158,0.23105191588401794,0.25036046,-0.019308543205261236
2021-06-08 12:00:00,0.21292163,159,0.22530099302530288,0.2602583,-0.034957294166088115
2021-06-09 12:00:00,0.17164646,160,0.2169969469308853,0.24395096,-0.026954016089439398
2021-06-10 12:00:00,0.1955569,161,0.2097933366894722,0.24201131,-0.03221797198057175
2021-06-11 12:00:00,0.2223114,162,0.20774952173233033,0.2494276,-0.0416780799627304
2021-06-12 12:00:00,0.20516995,163,0.20640509724617004,0.23929234,-0.03288724124431611
2021-06-13 12:00:00,0.23364973,164,0.20779309421777725,0.23142806,-0.023634962737560272
2021-06-14 12:00:00,0.3198028,165,0.22014883458614348,0.25370026,-0.03355142176151277
2021-06-15 12:00:00,0.29435366,166,0.2290468394756317,0.23918368,-0.010136839747428905
2021-06-16 12:00:00,0.31589594,167,0.23901971131563188,0.24561907,-0.006599362194538105
2021-06-17 12:00:00,0.23940599,168,0.24107144623994828,0.21150397,0.02956747859716416
2021-06-18 12:00:00,0.30489653,169,0.25026893615722656,0.20218836,0.048080578446388245
2021-06-19 12:00:00,0.3266521,170,0.2657695010304451,0.21059585,0.05517365485429765
2021-06-20 12:00:00,0.34118813,171,0.28033262491226196,0.21002267,0.07030995190143585
2021-06-21 12:00:00,0.35255325,172,0.2933568090200424,0.2092912,0.08406560420989989
2021-06-22 12:00:00,0.29375392,173,0.3022152066230774,0.21171898,0.09049623012542723
2021-06-23 12:00:00,0.26544166,174,0.30539439916610717,0.20073542,0.10465897917747496
2021-06-24 12:00:00,0.25163677,175,0.2985777974128723,0.19126664,0.10731115639209748
2021-06-25 12:00:00,0.21902159,176,0.2910445898771286,0.20946647,0.08157811760902406
2021-06-26 12:00:00,0.21315542,177,0.28077053725719453,0.19503342,0.0857371211051941
2021-06-27 12:00:00,0.16484766,178,0.27331470400094987,0.17403437,0.09928033202886583
2021-06-28 12:00:00,0.15554248,179,0.2583792984485626,0.175508,0.0828712910413742
2021-06-29 12:00:00,0.18074045,180,0.24378813207149505,0.17673033,0.0670577973127365
2021-06-30 12:00:00,0.16503721,181,0.22617304027080537,0.17583379,0.05033924877643586
2021-07-01 12:00:00,0.18295658,182,0.20921337306499482,0.1712311,0.037982267141342174
2021-07-02 12:00:00,0.17569599,183,0.19740757942199708,0.17107482,0.0263327568769455
2021-07-03 12:00:00,0.28854236,184,0.19971764981746673,0.18684325,0.012874403595924372
2021-07-04 12:00:00,0.15705214,185,0.19025918692350388,0.16736437,0.02289481312036515
2021-07-05 12:00:00,0.16921024,186,0.1852780520915985,0.16400291,0.021275141835212702
2021-07-06 12:00:00,0.15589875,187,0.1795523852109909,0.15672751,0.022824877500534052
2021-07-07 12:00:00,0.14094998,188,0.17716261744499207,0.16125287,0.015909746289253235
2021-07-08 12:00:00,0.22837286,189,0.18444565534591675,0.17356035,0.010885304212570196
2021-07-09 12:00:00,0.16461408,190,0.18283301889896392,0.16408993,0.018743085861206044
2021-07-10 12:00:00,0.16820247,191,0.1831495448946953,0.16080992,0.022339625656604772
2021-07-11 12:00:00,0.18180268,192,0.18303415477275847,0.15201591,0.031018245220184315
2021-07-12 12:00:00,0.13298684,193,0.1787632405757904,0.14798099,0.030782252550125122
2021-07-13 12:00:00,0.122407414,194,0.16214974597096443,0.15456857,0.0075811780989170074
2021-07-14 12:00:00,0.14383301,195,0.1608278326690197,0.14901066,0.011817174404859548
2021-07-15 12:00:00,0.11886141,196,0.15579294934868812,0.15113707,0.004655880481004709
2021-07-16 12:00:00,0.13981368,197,0.15418444201350212,0.14793977,0.00624467059969902
2021-07-17 12:00:00,0.16516851,198,0.15660629495978357,0.15029368,0.006312616914510738
2021-07-18 12:00:00,0.15053816,199,0.1488228254020214,0.14713536,0.0016874633729457855
2021-07-19 12:00:00,0.20380983,200,0.15274240002036094,0.14855132,0.004191084951162327
2021-07-20 12:00:00,0.13674328,201,0.1495964802801609,0.13800348,0.011592996865510935
2021-07-21 12:00:00,0.12957114,202,0.14437332674860953,0.14030196,0.004071369022130955
2021-07-22 12:00:00,0.14767417,203,0.14584205970168113,0.14557737,0.0002646885812282451
2021-07-23 12:00:00,0.11954092,204,0.14555541053414345,0.14173962,0.0038157887756824493
2021-07-24 12:00:00,0.12336737,205,0.1435088463127613,0.13674207,0.006766775995492941
2021-07-25 12:00:00,0.13942768,206,0.14556547328829766,0.13692208,0.008643396943807613
2021-07-26 12:00:00,0.32975826,207,0.1645599313080311,0.15447336,0.010086566954851162
2021-07-27 12:00:00,0.16014217,208,0.16405729725956916,0.13872933,0.025327963382005686
2021-07-28 12:00:00,0.15206331,209,0.1642098121345043,0.14153592,0.022673889249563206
2021-07-29 12:00:00,0.13545804,210,0.15737463310360908,0.14378485,0.013589782267808909
2021-07-30 12:00:00,0.13552831,211,0.15725313648581504,0.13714087,0.020112266391515726
2021-07-31 12:00:00,0.124293,212,0.15672532245516776,0.13496916,0.021756162494421
2021-08-01 12:00:00,0.089548394,213,0.15091274455189704,0.1300208,0.020891947299242014
2021-08-02 12:00:00,0.14462638,214,0.1534212902188301,0.14151715,0.011904142796993256
2021-08-03 12:00:00,0.13069525,215,0.15415407866239547,0.12886053,0.025293545424938196
2021-08-04 12:00:00,0.15132695,216,0.15534400641918183,0.13507284,0.020271164178848278
2021-08-05 12:00:00,0.11972391,217,0.13434057161211968,0.12868367,0.005656900256872183
2021-08-06 12:00:00,0.110156775,218,0.1293420322239399,0.12760268,0.001739350706338877
2021-08-07 12:00:00,0.12798741,219,0.1269344426691532,0.13374633,-0.006811883300542831
2021-08-08 12:00:00,0.11592701,220,0.124981340020895,0.12899292,-0.004011575132608414
2021-08-09 12:00:00,0.104630634,221,0.12189157232642174,0.13119048,-0.009298906475305554
2021-08-10 12:00:00,0.12040302,222,0.1215025745332241,0.12736617,-0.005863595753908157
2021-08-11 12:00:00,0.13638447,223,0.12618618234992027,0.13025206,-0.004065880924463278
2021-08-12 12:00:00,0.15643783,224,0.12736732736229897,0.12690082,0.0004665054380893763
2021-08-13 12:00:00,0.15265554,225,0.12956335619091988,0.12629405,0.0032693095505237635
2021-08-14 12:00:00,0.13813311,226,0.12824397161602974,0.12029237,0.00795159861445427
2021-08-15 12:00:00,0.10373968,227,0.12664554864168168,0.11773699,0.008908560872077947
2021-08-16 12:00:00,0.11635143,228,0.1272650144994259,0.12634286,0.0009221516549587361
2021-08-17 12:00:00,0.11939725,229,0.12640599831938742,0.1207577,0.005648299306631077
2021-08-18 12:00:00,0.111139864,230,0.12592728361487388,0.12799847,-0.0020711876451969258
2021-08-19 12:00:00,0.10222694,231,0.12568691447377206,0.122881286,0.002805628627538692
2021-08-20 12:00:00,0.10243173,232,0.12388978525996208,0.12962584,-0.005736056715250015
2021-08-21 12:00:00,0.10715699,233,0.12096703723073006,0.12610762,-0.005140580981969831
2021-08-22 12:00:00,0.12659255,234,0.11798250898718834,0.13803422,-0.020051715523004526
2021-08-23 12:00:00,0.12108158,235,0.11482511311769486,0.1377682,-0.02294308096170425
2021-08-24 12:00:00,0.14409326,236,0.11542112827301025,0.14141513,-0.02599400579929352
2021-08-25 12:00:00,0.13698845,237,0.11874600499868393,0.12603457,-0.0072885677218437195
2021-08-26 12:00:00,0.15420547,238,0.12253140881657601,0.14522703,-0.02269562110304832
2021-08-27 12:00:00,0.15461266,239,0.12605294957756996,0.14944483,-0.023391883820295334
2021-08-28 12:00:00,0.14170519,240,0.12910948172211648,0.15051888,-0.02140939757227897
2021-08-29 12:00:00,0.14197963,241,0.13308475092053412,0.1517701,-0.018685349076986324
2021-08-30 12:00:00,0.13468824,242,0.1363104023039341,0.14100519,-0.004694785922765732
2021-08-31 12:00:00,0.14904262,243,0.14049896523356437,0.15705961,-0.016560644656419765
2021-09-01 12:00:00,0.04226182,244,0.1320658925920725,0.1348131,-0.002747207507491106
2021-09-02 12:00:00,0.2635162,245,0.14630935303866863,0.141397,0.004912353679537768
2021-09-03 12:00:00,0.22611435,246,0.15451146177947522,0.157315,-0.0028035391122102626
2021-09-04 12:00:00,0.21718816,247,0.1625314336270094,0.14278199,0.019749445840716362
2021-09-05 12:00:00,0.17964637,248,0.1650755237787962,0.15626027,0.008815256878733635
2021-09-06 12:00:00,0.15963687,249,0.16557794474065304,0.1519004,0.013677548989653593
2021-09-07 12:00:00,0.17230721,250,0.16863814704120159,0.16519362,0.003444529697298998
2021-09-08 12:00:00,0.16687384,251,0.17112756781280042,0.1652146,0.005912969633936893
2021-09-09 12:00:00,0.21756467,252,0.1794152107089758,0.17137599,0.008039220795035357
2021-09-10 12:00:00,0.2113495,253,0.18564589880406857,0.16883884,0.016807055100798607
2021-09-11 12:00:00,0.17598797,254,0.19901851415634156,0.16686703,0.032151481509208685
2021-09-12 12:00:00,0.18415529,255,0.19108242392539979,0.1676229,0.02345952987670899
2021-09-13 12:00:00,0.1859583,256,0.18706681877374648,0.18125947,0.005807350575923909
2021-09-14 12:00:00,,257,0.18372000257174173,0.1945393,-0.010819291075070708
2021-09-15 12:00:00,0.37484118,258,0.20540831486384073,0.21420695,-0.00879863401254019
2021-09-16 12:00:00,0.3335592,259,0.22473301655716366,0.23211169,-0.007378675871425211
2021-09-17 12:00:00,0.3425714,260,0.2436512609322866,0.22762647,0.01602478822072348
2021-09-18 12:00:00,0.31802344,261,0.26044566101498073,0.23051277,0.029932892984814108
2021-09-19 12:00:00,0.27590102,262,0.26692747738626266,0.22309914,0.04382833507325912
2021-09-20 12:00:00,0.2751989,263,0.27402185565895504,0.22335371,0.050668141908115805
2021-09-21 12:00:00,0.24268764,264,0.28143292996618485,0.22350381,0.05792911681863999
2021-09-22 12:00:00,0.23463535,265,0.2870418263806237,0.22417666,0.06286516620053184
2021-09-23 12:00:00,0.28261358,266,0.2977813018692864,0.22469865,0.07308265401257408
2021-09-24 12:00:00,0.35925686,267,0.3039288580417633,0.23496915,0.068959704041481
2021-09-25 12:00:00,0.3650973,268,0.3029544711112976,0.22326708,0.07968739271163938
2021-09-26 12:00:00,0.33722922,269,0.30332147479057314,0.21399032,0.08933115899562838
2021-09-27 12:00:00,0.31928283,270,0.3009926170110703,0.21629143,0.08470118939876559
2021-09-28 12:00:00,0.3445061,271,0.3036408841609955,0.22335252,0.08028836250305177
2021-09-29 12:00:00,0.32889125,272,0.3089399069547653,0.21668711,0.09225279390811919
2021-09-30 12:00:00,0.2984447,273,0.3112644851207733,0.21051738,0.10074710845947266
2021-10-01 12:00:00,0.3103696,274,0.3180326819419861,0.22752136,0.09051132202148438
2021-10-02 12:00:00,0.2742592,275,0.32199506759643554,0.21836643,0.10362863838672637
2021-10-03 12:00:00,0.3741307,276,0.3311467796564102,0.22464703,0.10649974942207335
2021-10-04 12:00:00,0.31989324,277,0.32721041738986967,0.21582069,0.11138973236083982
2021-10-05 12:00:00,0.32302716,278,0.32300340235233305,0.2310855,0.09191790819168089
2021-10-06 12:00:00,0.3212992,279,0.3214103996753693,0.22444333,0.09696706831455232
2021-10-07 12:00:00,0.27172658,280,0.3166547745466232,0.21573085,0.10092392861843108
2021-10-08 12:00:00,0.26167393,281,0.3083715558052063,0.21373194,0.09463961124420167
2021-10-09 12:00:00,0.27287018,282,0.3027694493532181,0.21444227,0.08832718133926393
2021-10-10 12:00:00,0.24872106,283,0.2977970868349075,0.20218302,0.0956140637397766
2021-10-11 12:00:00,0.26870045,284,0.29363017082214354,0.23270407,0.06092609763145446
2021-10-12 12:00:00,0.18204242,285,0.2844084918498993,0.22070266,0.06370582878589631
2021-10-13 12:00:00,0.23661523,286,0.27065694481134417,0.21077365,0.05988329797983172
2021-10-14 12:00:00,0.22326243,287,0.2609938636422157,0.24977106,0.011222805082797993
2021-10-15 12:00:00,0.23814659,288,0.2525058060884476,0.26918527,-0.016679468750953663
2021-10-16 12:00:00,0.22316067,289,0.2426919534802437,0.270501,-0.027809034287929524
2021-10-17 12:00:00,0.25436378,290,0.2409556731581688,0.28497446,-0.044018782675266266
2021-10-18 12:00:00,0.34368512,291,0.2491567924618721,0.31070825,-0.06155146211385726
2021-10-19 12:00:00,0.32872427,292,0.2547422006726265,0.30353272,-0.0487905189394951
2021-10-20 12:00:00,0.35098854,293,0.2649689480662346,0.33082974,-0.06586079150438306
2021-10-21 12:00:00,0.26484412,294,0.2645833149552345,0.33849204,-0.07390872091054917
2021-10-22 12:00:00,0.21612488,295,0.26799156069755553,0.3311898,-0.06319825053215028
2021-10-23 12:00:00,0.21329933,296,0.2656599715352058,0.3397465,-0.07408653348684313
2021-10-24 12:00:00,0.21452595,297,0.2647863239049911,0.34023115,-0.07544482648372652
2021-10-25 12:00:00,0.23699993,298,0.2646716579794884,0.3398163,-0.07514464408159255
2021-10-26 12:00:00,0.24269018,299,0.2666246086359024,0.3385588,-0.0719341844320297
2021-10-27 12:00:00,0.21861857,300,0.26305008828639986,0.3363659,-0.07331582009792326
2021-10-28 12:00:00,0.22194153,301,0.25087572932243346,0.3254307,-0.07455496191978456
2021-10-29 12:00:00,0.32280773,302,0.2502840757369995,0.35444885,-0.10416477918624878
2021-10-30 12:00:00,0.39077127,303,0.25426234900951383,0.34866098,-0.09439862668514254
2021-10-31 12:00:00,0.48303849,304,0.27608178555965424,0.37075877,-0.09467698633670807
2021-11-01 12:00:00,0.47624874,305,0.30209417194128035,0.35243005,-0.05033587366342546
2021-11-02 12:00:00,0.4005985,306,0.3208240881562233,0.3528227,-0.03199860304594038
2021-11-03 12:00:00,0.37947085,307,0.3373185783624649,0.3758835,-0.0385649114847183
2021-11-04 12:00:00,0.3544618,308,0.34906476438045503,0.36182922,-0.01276445686817168
2021-11-05 12:00:00,0.34336388,309,0.3591321349143982,0.36367443,-0.004542297124862649
2021-11-06 12:00:00,0.34329972,310,0.3716002494096756,0.35966298,0.01193726956844332
2021-11-07 12:00:00,0.3356436,311,0.382970455288887,0.36376706,0.01920339763164519
2021-11-08 12:00:00,0.3476479,312,0.38545447289943696,0.3771041,0.008350369334220897
2021-11-09 12:00:00,0.3442274,313,0.3808000862598419,0.38398263,-0.003182542324066173
2021-11-10 12:00:00,0.32368243,314,0.3648644804954529,0.35275054,0.012113940715789806
2021-11-11 12:00:00,0.3080971,315,0.34804931581020354,0.36016223,-0.01211291253566743
2021-11-12 12:00:00,0.31778944,316,0.3397684097290039,0.3595915,-0.0198231041431427
2021-11-13 12:00:00,0.31607318,317,0.3334286421537399,0.3596434,-0.026214757561683677
2021-11-14 12:00:00,0.3012027,318,0.32810273468494416,0.35756534,-0.0294626086950302
2021-11-15 12:00:00,0.29462087,319,0.3232284337282181,0.35579035,-0.03256191313266754
2021-11-16 12:00:00,0.2824673,320,0.31714519262313845,0.35293368,-0.035788482427597024
2021-11-17 12:00:00,0.28911942,321,0.3124927759170532,0.35801497,-0.04552219510078431
2021-11-18 12:00:00,0.2844007,322,0.30616805553436277,0.33542517,-0.02925711274147036
2021-11-19 12:00:00,0.29975525,323,0.30172083973884584,0.3313061,-0.02958526015281676
2021-11-20 12:00:00,0.2945708,324,0.298809677362442,0.34407833,-0.04526865482330322
2021-11-21 12:00:00,0.32704803,325,0.3007047712802887,0.35562962,-0.05492485165596006
2021-11-22 12:00:00,0.29778638,326,0.2987044662237167,0.36348972,-0.06478525102138522
2021-11-23 12:00:00,0.28196672,327,0.2952938199043274,0.3509741,-0.05568029284477233
2021-11-24 12:00:00,0.27204388,328,0.29237793684005736,0.36400625,-0.0716283142566681
2021-11-25 12:00:00,0.29012215,329,0.29192806482315065,0.36372176,-0.07179369330406188
2021-11-26 12:00:00,0.3025443,330,0.29393576383590697,0.36978522,-0.07584945559501649
2021-11-27 12:00:00,0.280848,331,0.2931086212396622,0.3540092,-0.06090058982372282
2021-11-28 12:00:00,,332,0.29407616787486607,0.3752758,-0.08119962281650966
2021-11-29 12:00:00,0.24163187,333,0.28761801454756,0.37872198,-0.0911039676931169
2021-11-30 12:00:00,0.2657384,334,0.28441441390249467,0.36825508,-0.08384066489007735
2021-12-01 12:00:00,0.27613452,335,0.27875735693507725,0.4031116,-0.12435424990124172
2021-12-02 12:00:00,0.30582675,336,0.2796507312191857,0.38178217,-0.10213144289122689
2021-12-03 12:00:00,0.2822501,337,0.2796822190284729,0.35388464,-0.07420241832733154
2021-12-04 12:00:00,0.29872924,338,0.282647258705563,0.386739,-0.10409172707133824
2021-12-05 12:00:00,0.26887408,339,0.2802863617738088,0.37170398,-0.09141762057940167
2021-12-06 12:00:00,0.30565652,340,0.2806321647432115,0.38722318,-0.10659101936552262
2021-12-07 12:00:00,0.35367692,341,0.28872426682048374,0.3632648,-0.07454053229755825
2021-12-08 12:00:00,0.33227223,342,0.29307906329631805,0.36811972,-0.07504065334796906
2021-12-09 12:00:00,0.32431278,343,0.301347154378891,0.37827137,-0.07692421674728395
2021-12-10 12:00:00,0.3089134,344,0.3056646555662155,0.36332893,-0.057664278149604786
2021-12-11 12:00:00,0.3030404,345,0.3083552420139313,0.39113528,-0.08278003334999084
2021-12-12 12:00:00,0.28712603,346,0.3064851701259613,0.3816224,-0.07513723373413084
2021-12-13 12:00:00,0.31332645,347,0.30959280431270597,0.39665878,-0.08706597387790682
2021-12-14 12:00:00,0.2846796,348,0.30818783938884736,0.36300632,-0.05481848418712615
2021-12-15 12:00:00,0.27643955,349,0.3089443862438202,0.39022985,-0.08128546476364135
2021-12-16 12:00:00,0.2804577,350,0.3064245045185089,0.37832853,-0.07190402746200564
2021-12-17 12:00:00,0.29619348,351,0.30067616105079653,0.387156,-0.08647984862327573
2021-12-18 12:00:00,0.279514,352,0.2954003393650055,0.3737697,-0.07836936116218568
2021-12-19 12:00:00,0.27438715,353,0.29040777683258057,0.3839858,-0.09357801079750061
2021-12-20 12:00:00,,354,0.2883515954017639,0.4497578,-0.16140621900558472
2021-12-21 12:00:00,0.40378323,355,0.2995452450381385,0.4269549,-0.12740965021981132
2021-12-22 12:00:00,0.41481268,356,0.3137326505449083,0.42391795,-0.11018529865476823
2021-12-23 12:00:00,0.44126403,357,0.3279479377799564,0.40459636,-0.07664842075771755
2021-12-24 12:00:00,0.39273435,358,0.33995402190420365,0.41222954,-0.07227551605966354
2021-12-25 12:00:00,0.45814395,359,0.36014339990086025,0.42910507,-0.06896167331271702
2021-12-26 12:00:00,0.48128003,360,0.38245699140760636,0.40299073,-0.020533737209108116
2021-12-27 12:00:00,0.45287478,361,0.3998660246531169,0.40802148,-0.008155455191930117
2021-12-28 12:00:00,0.43601304,362,0.41725480556488037,0.3838836,0.0333712100982666
2021-12-29 12:00:00,0.40445685,363,0.4317069947719574,0.39591962,0.035787373781204224
2021-12-30 12:00:00,0.3907952,364,0.4276158154010773,0.39280036,0.03481545448303225
2021-12-31 12:00:00,0.40728387,365,0.4279658794403076,0.38301083,0.044955044984817505
2022-01-01 12:00:00,0.3745086,1,0.42393546998500825,0.3864723,0.0374631553888321
2022-01-02 12:00:00,0.36135983,2,0.4159450501203537,0.40218058,0.013764467835426342
2022-01-03 12:00:00,0.3744238,3,0.4141139954328537,0.3910916,0.023022410273551952
2022-01-04 12:00:00,0.36321208,4,0.4046208083629608,0.39495927,0.009661537408828746
2022-01-05 12:00:00,0.37419793,5,0.393912598490715,0.3713293,0.022583290934562683
2022-01-06 12:00:00,0.37513185,6,0.38613830506801605,0.36444905,0.02168925106525421
2022-01-07 12:00:00,0.38998628,7,0.38153562843799593,0.41802442,-0.03648879230022428
2022-01-08 12:00:00,0.34669077,8,0.375759020447731,0.4172373,-0.041478291153907776
2022-01-09 12:00:00,0.359586,9,0.3726381003856659,0.4056448,-0.033006703853607156
2022-01-10 12:00:00,0.36892518,10,0.3688022315502167,0.38533783,-0.016535598039627064
2022-01-11 12:00:00,0.35977775,11,0.3673291474580765,0.3886183,-0.021289142966270436
2022-01-12 12:00:00,0.35556304,12,0.3667494684457779,0.37092325,-0.004173782467842113
2022-01-13 12:00:00,0.35581025,13,0.36488811373710633,0.38340485,-0.018516737222671498
2022-01-14 12:00:00,0.3271012,14,0.36127702593803407,0.38811454,-0.02683751583099364
2022-01-15 12:00:00,0.34216312,15,0.3580735445022583,0.38860998,-0.030536431074142445
2022-01-16 12:00:00,0.34172317,16,0.3547326773405075,0.38802296,-0.033290281891822815
2022-01-17 12:00:00,0.3173607,17,0.34747011959552765,0.38275933,-0.0352892130613327
2022-01-18 12:00:00,0.3157377,18,0.3443748116493225,0.3798885,-0.03551369309425356
2022-01-19 12:00:00,0.2950403,19,0.3379202425479889,0.3720979,-0.03417766690254209
2022-01-20 12:00:00,0.32292268,20,0.3333199918270111,0.4105781,-0.07725811004638672
2022-01-21 12:00:00,0.32542163,21,0.3298843801021576,0.40732408,-0.07743969559669495
2022-01-22 12:00:00,0.32155076,22,0.32648315131664274,0.40736237,-0.08087922036647799
2022-01-23 12:00:00,0.30337498,23,0.32123962342739104,0.39973465,-0.0784950226545334
2022-01-24 12:00:00,0.32479894,24,0.32100939750671387,0.39047927,-0.0694698691368103
2022-01-25 12:00:00,0.2920531,25,0.31599839627742765,0.37558076,-0.05958236157894137
2022-01-26 12:00:00,0.3180378,26,0.31362985968589785,0.4056438,-0.09201393127441404
2022-01-27 12:00:00,0.33506152,27,0.31539994180202485,0.39556965,-0.08016971051692962
2022-01-28 12:00:00,0.28282845,28,0.31210901737213137,0.37254143,-0.06043241024017332
2022-01-29 12:00:00,0.29912728,29,0.31251771450042726,0.38716748,-0.07464976906776427
2022-01-30 12:00:00,0.2825328,30,0.3084787279367447,0.40357998,-0.0951012521982193
2022-01-31 12:00:00,0.305555,31,0.30649206340312957,0.40741593,-0.10092386305332185
2022-02-01 12:00:00,0.32476816,32,0.30681380331516267,0.41167966,-0.10486585199832915
2022-02-02 12:00:00,0.30203307,33,0.30667961239814756,0.38835484,-0.08167522549629214
2022-02-03 12:00:00,0.29836273,34,0.3040359914302826,0.37754154,-0.07350555062294006
2022-02-04 12:00:00,0.28404096,35,0.30323477685451505,0.38968793,-0.08645314872264864
2022-02-05 12:00:00,0.30051202,36,0.30148219764232637,0.3883758,-0.08689359128475188
2022-02-06 12:00:00,0.29081124,37,0.297057169675827,0.3859026,-0.08884544372558595
2022-02-07 12:00:00,0.26262254,38,0.2950365781784058,0.3803881,-0.08535153269767759
2022-02-08 12:00:00,0.27682504,39,0.2928063541650772,0.37012216,-0.07731581032276152
2022-02-09 12:00:00,0.26549542,40,0.29110261499881745,0.39988688,-0.10878426134586333
2022-02-10 12:00:00,0.25024334,41,0.2855714499950409,0.3737662,-0.08819476366043089
2022-02-11 12:00:00,0.2866669,42,0.28176132440567014,0.3907012,-0.1089398801326752
2022-02-12 12:00:00,0.24819338,43,0.27637735605239866,0.3791652,-0.10278784632682803
2022-02-13 12:00:00,0.2598921,44,0.2725302934646606,0.38245866,-0.10992836356163027
2022-02-14 12:00:00,0.26685688,45,0.27081188559532166,0.37128645,-0.10047456622123718
2022-02-15 12:00:00,0.24546789,46,0.26530747264623644,0.3670705,-0.10176302343606947
2022-02-16 12:00:00,0.28080037,47,0.2643063858151436,0.35659084,-0.09228445142507552
2022-02-17 12:00:00,0.2629935,48,0.26434348374605177,0.35714054,-0.09279705733060839
2022-02-18 12:00:00,0.27527806,49,0.26418878585100175,0.33947995,-0.07529116719961165
2022-02-19 12:00:00,0.2961361,50,0.2672528550028801,0.33928862,-0.0720357671380043
2022-02-20 12:00:00,0.2403435,51,0.2662628710269928,0.3627164,-0.0964535355567932
2022-02-21 12:00:00,0.28425723,52,0.2660219043493271,0.34647006,-0.08044815361499785
2022-02-22 12:00:00,0.28465456,53,0.2696680217981339,0.35201713,-0.08234911262989042
2022-02-23 12:00:00,0.25689185,54,0.26936799585819243,0.3525628,-0.08319478929042817
2022-02-24 12:00:00,0.23609959,55,0.2662922665476799,0.35007006,-0.08377779275178909
2022-02-25 12:00:00,0.23632158,56,0.26537763625383376,0.3392118,-0.07383415549993516
2022-02-26 12:00:00,0.32414508,57,0.26971210688352587,0.34654975,-0.07683764249086378
2022-02-27 12:00:00,0.29704362,58,0.2731171175837517,0.33415344,-0.06103632599115372
2022-02-28 12:00:00,0.28836137,59,0.27442544847726824,0.3433372,-0.06891175955533979
2022-03-01 12:00:00,0.27061453,60,0.27187329083681105,0.3592928,-0.08741951435804368
2022-03-02 12:00:00,0.27197894,61,0.2750368356704712,0.35127714,-0.0762403070926666
2022-03-03 12:00:00,0.2903902,62,0.2756501317024231,0.35577622,-0.08012608885765077
2022-03-04 12:00:00,0.32569364,63,0.279754039645195,0.3457021,-0.0659480720758438
2022-03-05 12:00:00,0.35251677,64,0.2893165320158005,0.3510044,-0.06168785989284514
2022-03-06 12:00:00,0.3024683,65,0.29595340341329573,0.37957877,-0.083625365793705
2022-03-07 12:00:00,0.29865953,66,0.30218719840049746,0.3632566,-0.06106940507888792
2022-03-08 12:00:00,0.37831417,67,0.30760410726070403,0.3625015,-0.05489739477634431
2022-03-09 12:00:00,0.37403423,68,0.3153031677007675,0.37195396,-0.05665079653263094
2022-03-10 12:00:00,0.35890162,69,0.3223571926355362,0.36389956,-0.04154236614704132
2022-03-11 12:00:00,0.43052334,70,0.3383480727672577,0.3726331,-0.03428502678871154
2022-03-12 12:00:00,0.4435289,71,0.35550306737422943,0.38081348,-0.025310412049293518
2022-03-13 12:00:00,0.45583633,72,0.3720476806163788,0.3562455,0.01580219268798827
2022-03-14 12:00:00,0.3903796,73,0.37851627767086027,0.33896935,0.03954692780971525
2022-03-15 12:00:00,0.44661844,74,0.38792644441127777,0.34914234,0.038784101605415344
2022-03-16 12:00:00,0.4378323,75,0.40146284401416776,0.3434946,0.05796824991703031
2022-03-17 12:00:00,0.40040168,76,0.41163705885410307,0.34721887,0.06441818773746488
2022-03-18 12:00:00,0.38814536,77,0.41262017786502836,0.33943242,0.07318775951862333
2022-03-19 12:00:00,0.40011433,78,0.4152281880378723,0.3450849,0.07014328241348267
2022-03-20 12:00:00,0.42755035,79,0.42209306061267854,0.34169653,0.08039653003215791
2022-03-21 12:00:00,0.40440065,80,0.41948079168796537,0.33875456,0.08072622716426847
2022-03-22 12:00:00,0.48369431,81,0.4234973341226578,0.35492712,0.06857021152973175
2022-03-23 12:00:00,0.43778455,82,0.42169215679168703,0.36323926,0.0584528982639313
2022-03-24 12:00:00,0.3843276,83,0.4210869550704956,0.36069483,0.06039212942123412
2022-03-25 12:00:00,0.45467523,84,0.4218926340341568,0.3709216,0.050971022248268105
2022-03-26 12:00:00,0.46675944,85,0.4247853487730026,0.3686362,0.056149157881736744
2022-03-27 12:00:00,0.41784835,86,0.4265300154685974,0.35829222,0.06823779344558717
2022-03-28 12:00:00,0.3972408,87,0.42743955850601195,0.37313136,0.054308193922042836
2022-03-29 12:00:00,0.40359956,88,0.42778808176517485,0.3549411,0.072846981883049
2022-03-30 12:00:00,0.39076668,89,0.42410971522331237,0.35757586,0.06653385162353515
2022-03-31 12:00:00,0.38141304,90,0.42181095480918884,0.3558557,0.065955251455307
2022-04-01 12:00:00,0.40968335,91,0.41440985798835756,0.3544805,0.05992935299873353
2022-04-02 12:00:00,0.34903157,92,0.40553455948829653,0.35583833,0.04969623088836672
2022-04-03 12:00:00,0.35182804,93,0.4022846043109894,0.35406494,0.04821966290473939
2022-04-04 12:00:00,0.3541164,94,0.39222872257232666,0.35484082,0.0373879075050354
2022-04-05 12:00:00,0.35015842,95,0.3805686205625534,0.3541897,0.026378926634788524
2022-04-06 12:00:00,0.36223426,96,0.3750072121620178,0.37724918,-0.002241969108581543
2022-04-07 12:00:00,0.3475475,97,0.37003788352012634,0.38376752,-0.013729631900787354
2022-04-08 12:00:00,0.362707,98,0.36594862639904024,0.37126312,-0.005314490199089028
2022-04-09 12:00:00,0.39071447,99,0.3659434050321579,0.3731911,-0.007247683405876171
2022-04-10 12:00:00,0.40682536,100,0.3684846371412277,0.39947268,-0.030988046526908897
2022-04-11 12:00:00,0.38690978,101,0.36620728075504305,0.4066782,-0.040470919013023354
2022-04-12 12:00:00,0.40911937,102,0.372216060757637,0.37182865,0.0003874152898788452
2022-04-13 12:00:00,0.39483714,103,0.3765169709920883,0.3634725,0.013044479489326466
2022-04-14 12:00:00,0.43136027,104,0.38424135744571686,0.3785857,0.005655661225318909
2022-04-15 12:00:00,0.3845618,105,0.38768169581890105,0.37482834,0.012853357195854176
2022-04-16 12:00:00,0.41045436,106,0.3925037056207657,0.38340855,0.009095159173011791
2022-04-17 12:00:00,0.42247,107,0.399995955824852,0.36466676,0.035329195857048024
2022-04-18 12:00:00,0.36114997,108,0.39984025359153746,0.3620403,0.03779994249343871
2022-04-19 12:00:00,0.33541116,109,0.3943099230527878,0.3637924,0.03051753342151642
2022-04-20 12:00:00,0.32555795,110,0.38618318140506747,0.3489082,0.03727499544620516
2022-04-21 12:00:00,0.2941566,111,0.37690786421298983,0.3273567,0.049551168084144614
2022-04-22 12:00:00,,112,0.3733288082811568,0.370706,0.0026228162977430802
2022-04-23 12:00:00,0.4565544,113,0.3801862829261356,0.38126603,-0.0010797447628445034
2022-04-24 12:00:00,0.3995344,114,0.376650075117747,0.37284434,0.0038057367006937848
2022-04-25 12:00:00,0.37389836,115,0.3754652473661635,0.38106364,-0.005598392751481773
2022-04-26 12:00:00,0.37414044,116,0.371430367231369,0.373349,-0.0019186437129974365
2022-04-27 12:00:00,0.39401177,117,0.36826834082603455,0.36050975,0.007758587598800659
2022-04-28 12:00:00,0.38365155,118,0.3707685172557831,0.34435433,0.026414185762405396
2022-04-29 12:00:00,0.37884417,119,0.3755944073200226,0.3453494,0.03024500608444214
2022-04-30 12:00:00,0.37537163,120,0.3811292615201738,0.35340473,0.027724530961778404
2022-05-01 12:00:00,0.37197703,121,0.38977597488297355,0.35873884,0.031037135256661297
2022-05-02 12:00:00,0.3113701,122,0.38193538784980774,0.34515187,0.03678351640701294
2022-05-03 12:00:00,0.353808,123,0.37166074514389036,0.3272901,0.04437065720558164
2022-05-04 12:00:00,0.34145528,124,0.36585283279418945,0.32367495,0.04217788577079773
2022-05-05 12:00:00,0.33111885,125,0.36157488226890566,0.34570587,0.015869015455245994
2022-05-06 12:00:00,0.37244275,126,0.36140511333942416,0.32496586,0.03643924891948702
2022-05-07 12:00:00,0.28768125,127,0.3507720619440079,0.33617115,0.014600911736488364
2022-05-08 12:00:00,0.3335585,128,0.34576275646686555,0.34259048,0.003172275424003612
2022-05-09 12:00:00,0.29545784,129,0.33742412328720095,0.3237114,0.013712728023529075
2022-05-10 12:00:00,0.3242822,130,0.3323151797056198,0.33385935,-0.0015441745519638173
2022-05-11 12:00:00,0.33556497,131,0.32867397367954254,0.3284437,0.00023026764392852783
2022-05-12 12:00:00,0.28522572,132,0.3260595351457596,0.31607383,0.009985700249671936
2022-05-13 12:00:00,0.28822258,133,0.319500994682312,0.31999946,-0.0004984617233276256
2022-05-14 12:00:00,0.31036815,134,0.3163922816514969,0.3217737,-0.005381426215171792
2022-05-15 12:00:00,0.2403585,135,0.3073162466287613,0.30763957,-0.0003233224153518788
2022-05-16 12:00:00,0.28395432,136,0.2984674036502838,0.31382653,-0.015359127521514915
2022-05-17 12:00:00,0.25851595,137,0.29555087387561796,0.29337522,0.0021756500005721824
2022-05-18 12:00:00,0.28965786,138,0.2911608099937439,0.29360393,-0.002443116903305065
2022-05-19 12:00:00,0.25574675,139,0.2871897011995316,0.27909195,0.00809774696826937
2022-05-20 12:00:00,0.2648249,140,0.28124397099018095,0.27549893,0.005745044350624062
2022-05-21 12:00:00,0.25883028,141,0.27357050180435183,0.29265648,-0.0190859794616699
2022-05-22 12:00:00,0.24612245,142,0.26966017484664917,0.29045328,-0.020793110132217407
2022-05-23 12:00:00,0.24234408,143,0.26507232487201693,0.28784874,-0.022776415944099404
2022-05-24 12:00:00,0.23674592,144,0.2577101022005081,0.29655153,-0.03884142339229585
2022-05-25 12:00:00,0.21857138,145,0.2555313900113106,0.28669652,-0.03116513341665267
2022-05-26 12:00:00,0.22119135,146,0.24925509244203567,0.2839278,-0.03467270582914353
2022-05-27 12:00:00,0.24062452,147,0.24746594876050948,0.2766432,-0.029177238047122966
2022-05-28 12:00:00,0.21210814,148,0.23971097618341447,0.26753294,-0.027821968495845784
2022-05-29 12:00:00,0.20326187,149,0.2344624876976013,0.28073576,-0.04627327322959901
2022-05-30 12:00:00,0.18385099,150,0.2263650968670845,0.282176,-0.05581089109182358
2022-05-31 12:00:00,0.18984872,151,0.2194669410586357,0.267062,-0.047595067322254186
2022-06-01 12:00:00,0.216232,152,0.21647789627313613,0.26377013,-0.047292236983776104
2022-06-02 12:00:00,0.232092,153,0.2154526874423027,0.26343393,-0.04798124581575394
2022-06-03 12:00:00,0.28314823,154,0.22009291797876357,0.24920358,-0.029110659658908855
2022-06-04 12:00:00,0.23559709,155,0.22179548889398576,0.2545854,-0.03278989642858504
2022-06-05 12:00:00,0.27039865,156,0.22671621888875962,0.23397146,-0.007255242764949793
2022-06-06 12:00:00,0.20977585,157,0.223631352186203,0.24298702,-0.019355669617652893
2022-06-07 12:00:00,0.19146001,158,0.2215665400028229,0.25036046,-0.028793919086456288
2022-06-08 12:00:00,0.19596551,159,0.22083690464496614,0.2602583,-0.039421382546424855
2022-06-09 12:00:00,0.1875084,160,0.22120264619588853,0.24395096,-0.022748316824436177
2022-06-10 12:00:00,0.21531813,161,0.2237495869398117,0.24201131,-0.018261721730232244
2022-06-11 12:00:00,0.23224574,162,0.22535096108913422,0.2494276,-0.024076640605926514
2022-06-12 12:00:00,0.21426515,163,0.22356827706098556,0.23929234,-0.015724061429500585
2022-06-13 12:00:00,0.20797728,164,0.21605118215084076,0.23142806,-0.01537687480449676
2022-06-14 12:00:00,0.19053678,165,0.21154515147209169,0.25370026,-0.042155104875564564
2022-06-15 12:00:00,0.17285314,166,0.20179060101509094,0.23918368,-0.037393078207969666
2022-06-16 12:00:00,0.2164419,167,0.20245720595121383,0.24561907,-0.04316186755895615
2022-06-17 12:00:00,0.18164554,168,0.2014757588505745,0.21150397,-0.010028208792209614
2022-06-18 12:00:00,0.17434298,169,0.19931350499391556,0.20218836,-0.0028748527169227545
2022-06-19 12:00:00,0.17137249,170,0.1976999133825302,0.21059585,-0.012895932793617254
2022-06-20 12:00:00,0.14446001,171,0.19061410129070283,0.21002267,-0.01940857172012328
2022-06-21 12:00:00,0.16912489,172,0.18430201560258866,0.2092912,-0.024989189207553858
2022-06-22 12:00:00,0.1681965,173,0.17969515025615693,0.21171898,-0.03202382624149322
2022-06-23 12:00:00,0.2742731,174,0.18632473200559616,0.20073542,-0.014410687983036047
2022-06-24 12:00:00,0.21616532,175,0.18888758569955827,0.19126664,-0.002379055321216572
2022-06-25 12:00:00,0.19861117,176,0.1914633885025978,0.20946647,-0.018003083765506744
2022-06-26 12:00:00,0.12823421,177,0.18264261931180953,0.19503342,-0.012390796840190899
2022-06-27 12:00:00,0.13026473,178,0.17750453799962998,0.17403437,0.0034701660275459345
2022-06-28 12:00:00,0.1252947,179,0.17259971052408218,0.175508,-0.0029082968831062317
2022-06-29 12:00:00,0.12884142,180,0.16834660321474076,0.17673033,-0.00838373154401778
2022-06-30 12:00:00,0.11789776,181,0.16569037809967996,0.17583379,-0.010143413394689549
2022-07-01 12:00:00,0.14261252,182,0.1630391411483288,0.1712311,-0.008191964775323857
2022-07-02 12:00:00,0.15096515,183,0.1613160066306591,0.17107482,-0.009758815914392482
2022-07-03 12:00:00,0.1549794,184,0.14938663616776465,0.18684325,-0.037456610053777706
2022-07-04 12:00:00,0.16133595,185,0.143903698772192,0.16736437,-0.02346067503094673
2022-07-05 12:00:00,0.15379536,186,0.13942211791872977,0.16400291,-0.024580792337656032
2022-07-06 12:00:00,0.14031696,187,0.1406303934752941,0.15672751,-0.016097114235162746
2022-07-07 12:00:00,0.14186196,188,0.14179011657834054,0.16125287,-0.019462754577398295
2022-07-08 12:00:00,0.120209105,189,0.1412815570831299,0.17356035,-0.032278794050216664
2022-07-09 12:00:00,0.09179153,190,0.13757656887173653,0.16408993,-0.026513364166021347
2022-07-10 12:00:00,0.14210625,191,0.13999741822481154,0.16080992,-0.020812501013278972
2022-07-11 12:00:00,0.1286348,192,0.1385996460914612,0.15201591,-0.013416263461112965
2022-07-12 12:00:00,0.12111408,193,0.1356145389378071,0.14798099,-0.012366449087858195
2022-07-13 12:00:00,0.13240172,194,0.1333567716181278,0.15456857,-0.021211796253919613
2022-07-14 12:00:00,0.1260251,195,0.1298256866633892,0.14901066,-0.019184971600770956
2022-07-15 12:00:00,0.10646678,196,0.1250928282737732,0.15113707,-0.026044240593910223
2022-07-16 12:00:00,0.11922374,197,0.12298350632190705,0.14793977,-0.02495626509189605
2022-07-17 12:00:00,0.1324446,198,0.1220417708158493,0.15029368,-0.02825190722942353
2022-07-18 12:00:00,0.13290836,199,0.12331169620156288,0.14713536,-0.023823665827512747
2022-07-19 12:00:00,0.11524668,200,0.12565721124410628,0.14855132,-0.022894103825092327
2022-07-20 12:00:00,0.08904422,201,0.1203510083258152,0.13800348,-0.01765247508883476
2022-07-21 12:00:00,0.11299841,202,0.1187873698771,0.14030196,-0.021514587849378583
2022-07-22 12:00:00,0.13682532,203,0.12035849392414093,0.14557737,-0.025218877196311953
2022-07-23 12:00:00,0.09010907,204,0.11612922921776772,0.14173962,-0.025610392540693278
2022-07-24 12:00:00,0.09052632,205,0.11257935166358948,0.13674207,-0.02416271865367889
2022-07-25 12:00:00,0.096358195,206,0.11156849339604377,0.13692208,-0.02535358294844628
2022-07-26 12:00:00,0.1122682,207,0.11087293922901154,0.15447336,-0.043600425124168396
2022-07-27 12:00:00,0.10687988,208,0.1083164669573307,0.13872933,-0.030412866920232776
2022-07-28 12:00:00,0.09709351,209,0.10473498180508614,0.14153592,-0.03680094107985496
2022-07-29 12:00:00,0.12769869,210,0.10598018243908883,0.14378485,-0.037804668396711344
2022-07-30 12:00:00,0.11676475,211,0.10875223502516747,0.13714087,-0.02838863506913185
2022-07-31 12:00:00,0.13909183,212,0.11136157736182213,0.13496916,-0.023607582598924634
2022-08-01 12:00:00,0.12673287,213,0.11035233214497567,0.1300208,-0.01966846510767936
2022-08-02 12:00:00,0.12812623,214,0.11415404826402664,0.14151715,-0.02736309915781021
2022-08-03 12:00:00,0.10789841,215,0.1158912569284439,0.12886053,-0.012969276309013372
2022-08-04 12:00:00,0.12778911,216,0.11903434842824936,0.13507284,-0.016038493812084192
2022-08-05 12:00:00,0.11114478,217,0.11892200633883476,0.12868367,-0.009761665016412735
2022-08-06 12:00:00,0.11179427,218,0.11941344514489174,0.12760268,-0.008189236372709269
2022-08-07 12:00:00,0.11801377,219,0.1215054713189602,0.13374633,-0.01224085465073585
2022-08-08 12:00:00,0.11041805,220,0.11977740749716759,0.12899292,-0.00921550765633583
2022-08-09 12:00:00,0.11555409,221,0.11965634152293206,0.13119048,-0.011534137278795237
2022-08-10 12:00:00,0.14670405,222,0.1204175628721714,0.12736617,-0.006948607414960867
2022-08-11 12:00:00,0.14894229,223,0.1226385049521923,0.13025206,-0.007613558322191238
2022-08-12 12:00:00,0.11481402,224,0.12130728363990784,0.12690082,-0.005593538284301758
2022-08-13 12:00:00,0.11467485,225,0.1219849281013012,0.12629405,-0.004309118539094922
2022-08-14 12:00:00,0.08944385,226,0.11815040186047554,0.12029237,-0.00214197114109993
2022-08-15 12:00:00,0.08511064,227,0.11554698795080184,0.11773699,-0.0021899998188018854
2022-08-16 12:00:00,0.12345727,228,0.11671328768134118,0.12634286,-0.009629575163125986
2022-08-17 12:00:00,0.10262799,229,0.11517471000552178,0.1207577,-0.005582989007234571
2022-08-18 12:00:00,0.12270875,230,0.11640378013253212,0.12799847,-0.011594691127538678
2022-08-19 12:00:00,0.06964541,231,0.1118129126727581,0.122881286,-0.011068373173475268
2022-08-20 12:00:00,0.092559785,232,0.10639848634600639,0.12962584,-0.023227355629205707
2022-08-21 12:00:00,0.10353036,233,0.10185729339718819,0.12610762,-0.024250324815511703
2022-08-22 12:00:00,0.13021433,234,0.10339732468128204,0.13803422,-0.03463689982891083
2022-08-23 12:00:00,0.1221067,235,0.10414050966501236,0.1377682,-0.03362768441438675
2022-08-24 12:00:00,0.1272558,236,0.10792170464992523,0.14141513,-0.03349342942237854
2022-08-25 12:00:00,0.11995715,237,0.11140635535120964,0.12603457,-0.014628217369318006
2022-08-26 12:00:00,0.14706041,238,0.11376666948199272,0.14522703,-0.031460360437631604
2022-08-27 12:00:00,0.11439779,239,0.11494364887475968,0.14944483,-0.03450118452310562
2022-08-28 12:00:00,0.10930478,240,0.11360325142741204,0.15051888,-0.03691562786698341
2022-08-29 12:00:00,0.13018127,241,0.11965683698654175,0.1517701,-0.03211326301097869
2022-08-30 12:00:00,0.10136578,242,0.12053743675351143,0.14100519,-0.020467751473188397
2022-08-31 12:00:00,0.14183436,243,0.1243678368628025,0.15705961,-0.032691773027181625
2022-09-01 12:00:00,0.12825863,244,0.12417226657271385,0.1348131,-0.010640833526849747
2022-09-02 12:00:00,0.067910425,245,0.11875263899564743,0.141397,-0.022644360363483426
2022-09-03 12:00:00,0.1253825,246,0.11856530904769898,0.157315,-0.03874969184398651
2022-09-04 12:00:00,0.09902845,247,0.11647243946790695,0.14278199,-0.026309548318386083
2022-09-05 12:00:00,0.120845646,248,0.11385096311569214,0.15626027,-0.042409303784370425
2022-09-06 12:00:00,0.15330745,249,0.11774192973971367,0.1519004,-0.034158466011285776
2022-09-07 12:00:00,0.09640737,250,0.11645218878984451,0.16519362,-0.04874142855405808
2022-09-08 12:00:00,0.13286601,251,0.11672066301107406,0.1652146,-0.048493935167789465
2022-09-09 12:00:00,0.1684976,252,0.12343384549021721,0.17137599,-0.047942144423723215
2022-09-10 12:00:00,0.17560816,253,0.1268112249672413,0.16883884,-0.04202761873602867
2022-09-11 12:00:00,0.14600115,254,0.12858547642827034,0.16686703,-0.038281556218862534
2022-09-12 12:00:00,0.15321325,255,0.13711575865745546,0.1676229,-0.03050713539123534
2022-09-13 12:00:00,0.21981873,256,0.14655938148498535,0.18125947,-0.034700086712837225
2022-09-14 12:00:00,0.29296544,257,0.16595308035612105,0.1945393,-0.028586213290691387
2022-09-15 12:00:00,0.31087875,258,0.18495639115571977,0.21420695,-0.029250557720661152
2022-09-16 12:00:00,0.34472588,259,0.2040982335805893,0.23211169,-0.02801345884799958
2022-09-17 12:00:00,0.28221825,260,0.22267932146787645,0.22762647,-0.004947151243686665
2022-09-18 12:00:00,0.2999775,261,0.23939047157764434,0.23051277,0.008877703547477717
2022-09-19 12:00:00,0.27347013,262,0.24988772422075273,0.22309914,0.026788581907749187
2022-09-20 12:00:00,0.22839525,263,0.2551664337515831,0.22335371,0.031812720000743866
2022-09-21 12:00:00,0.2544843,264,0.2660147488117218,0.22350381,0.04251093566417696
2022-09-22 12:00:00,0.22255665,265,0.2729490891098976,0.22417666,0.04877242892980577
2022-09-23 12:00:00,0.22766991,266,0.2737342074513435,0.22469865,0.049035559594631184
2022-09-24 12:00:00,0.21185498,267,0.2656231611967087,0.23496915,0.030654007196426414
2022-09-25 12:00:00,0.17152514,268,0.2516877993941307,0.22326708,0.028420720994472515
2022-09-26 12:00:00,0.19274917,269,0.2364901289343834,0.21399032,0.022499813139438635
2022-09-27 12:00:00,0.16422722,270,0.2246910259127617,0.21629143,0.008399598300457
2022-09-28 12:00:00,0.19192268,271,0.2138855427503586,0.22335252,-0.009466978907585133
2022-09-29 12:00:00,0.13824673,272,0.20036320239305497,0.21668711,-0.01632391065359115
2022-09-30 12:00:00,0.21042356,273,0.19856603294610978,0.21051738,-0.011951343715190882
2022-10-01 12:00:00,0.19476266,274,0.19259386956691743,0.22752136,-0.03492749035358428
2022-10-02 12:00:00,0.19520873,275,0.189859077334404,0.21836643,-0.028507351875305176
2022-10-03 12:00:00,0.17504543,276,0.18459662944078445,0.22464703,-0.040050400793552404
2022-10-04 12:00:00,0.19167194,277,0.18257832527160645,0.21582069,-0.0332423597574234
2022-10-05 12:00:00,0.17998832,278,0.18342464417219162,0.2310855,-0.04766084998846054
2022-10-06 12:00:00,0.16708682,279,0.18085840940475464,0.22444333,-0.04358492195606231
2022-10-07 12:00:00,0.1914281,280,0.18357849717140198,0.21573085,-0.032152348756790156
2022-10-08 12:00:00,0.1668313,281,0.18106935918331146,0.21373194,-0.032662585377693176
2022-10-09 12:00:00,0.1734122,282,0.18458590656518936,0.21444227,-0.0298563614487648
2022-10-10 12:00:00,0.1729075,283,0.1808343008160591,0.20218302,-0.021348722279071808
2022-10-11 12:00:00,0.18567055,284,0.1799250900745392,0.23270407,-0.0527789831161499
2022-10-12 12:00:00,0.19486739,285,0.17989095598459243,0.22070266,-0.040811707079410564
2022-10-13 12:00:00,0.17085074,286,0.1794714868068695,0.21077365,-0.03130216002464295
2022-10-14 12:00:00,0.17974962,287,0.1782792553305626,0.24977106,-0.07149180322885512
2022-10-15 12:00:00,0.22390895,288,0.18267131745815277,0.26918527,-0.08651395738124848
2022-10-16 12:00:00,0.16442178,289,0.18240481317043306,0.270501,-0.08809617459774016
2022-10-17 12:00:00,0.3031831,290,0.19358031451702118,0.28497446,-0.09139414131641388
2022-10-18 12:00:00,0.24782534,291,0.2016797184944153,0.31070825,-0.10902853608131408
2022-10-19 12:00:00,0.26428753,292,0.21076725125312806,0.30353272,-0.09276546835899352
2022-10-20 12:00:00,0.39391133,293,0.23286763429641724,0.33082974,-0.09796210527420043
2022-10-21 12:00:00,0.3852175,294,0.25282232761383056,0.33849204,-0.08566970825195314
2022-10-22 12:00:00,0.3659974,295,0.26993532925844194,0.3311898,-0.061254481971263874
2022-10-23 12:00:00,0.38392934,296,0.291243189573288,0.3397465,-0.048503315448760964
2022-10-24 12:00:00,0.3958187,297,0.3128500983119011,0.34023115,-0.02738105207681657
2022-10-25 12:00:00,0.3723436,298,0.3276935636997223,0.3398163,-0.012122738361358631
2022-10-26 12:00:00,0.38828942,299,0.3500803276896477,0.3385588,0.011521534621715568
2022-10-27 12:00:00,0.363383,300,0.35610031634569167,0.3363659,0.01973440796136855
2022-10-28 12:00:00,0.3372498,301,0.3650427609682083,0.3254307,0.039612069725990295
2022-10-29 12:00:00,0.32260025,302,0.3708740323781967,0.35444885,0.016425177454948425
2022-10-30 12:00:00,0.38734058,303,0.37021695673465727,0.34866098,0.021555981040000893
2022-10-31 12:00:00,0.4158208,304,0.37327728867530824,0.37075877,0.002518516778945934
2022-11-01 12:00:00,0.40225112,305,0.3769026607275009,0.35243005,0.024472615122795083
2022-11-02 12:00:00,0.37234935,306,0.3757446616888046,0.3528227,0.022921970486640908
2022-11-03 12:00:00,0.41791928,307,0.37795471847057344,0.3758835,0.002071228623390209
2022-11-04 12:00:00,0.38439575,308,0.3791599333286285,0.36182922,0.01733071208000181
2022-11-05 12:00:00,0.36912867,309,0.37724385857582093,0.36367443,0.01356942653656007
2022-11-06 12:00:00,0.37391523,310,0.37829708158969877,0.35966298,0.01863410174846647
2022-11-07 12:00:00,0.3527521,311,0.3798473119735718,0.36376706,0.016080254316329978
2022-11-08 12:00:00,0.41574588,312,0.38916187584400175,0.3771041,0.012057772278785683
2022-11-09 12:00:00,0.40486825,313,0.39091464281082156,0.38398263,0.006932014226913474
2022-11-10 12:00:00,0.3888802,314,0.38822058141231536,0.35275054,0.03547004163265227
2022-11-11 12:00:00,0.36869156,315,0.3848646253347397,0.36016223,0.024702396988868724
2022-11-12 12:00:00,0.38142926,316,0.38577261567115784,0.3595915,0.02618110179901123
2022-11-13 12:00:00,0.35865974,317,0.3798466622829437,0.3596434,0.02020326256752014
2022-11-14 12:00:00,0.4107188,318,0.3824789673089981,0.35756534,0.024913623929023743
2022-11-15 12:00:00,0.4507502,319,0.3906411200761795,0.35579035,0.034850773215293895
2022-11-16 12:00:00,0.41381943,320,0.39463154077529905,0.35293368,0.041697865724563576
2022-11-17 12:00:00,0.47281834,321,0.406638166308403,0.35801497,0.04862319529056547
2022-11-18 12:00:00,0.38841262,322,0.40390484035015106,0.33542517,0.06847967207431793
2022-11-19 12:00:00,0.33823815,323,0.39724183082580566,0.3313061,0.06593573093414307
2022-11-20 12:00:00,0.40244386,324,0.3985981971025467,0.34407833,0.05451986491680144
2022-11-21 12:00:00,0.4143453,325,0.40316357016563414,0.35562962,0.047533947229385365
2022-11-22 12:00:00,0.4317683,326,0.4081974744796753,0.36348972,0.044707757234573375
2022-11-23 12:00:00,0.4435692,327,0.41668842136859896,0.3509741,0.06571430861949923
2022-11-24 12:00:00,0.44762313,328,0.4203788548707962,0.36400625,0.05637260377407072
2022-11-25 12:00:00,0.38742217,329,0.4140460520982742,0.36372176,0.050324293971061695
2022-11-26 12:00:00,0.36947232,330,0.40961134135723115,0.36978522,0.03982612192630769
2022-11-27 12:00:00,0.3784519,331,0.4001746982336044,0.3540092,0.0461654871702194
2022-11-28 12:00:00,0.37138104,332,0.3984715402126312,0.3752758,0.02319574952125547
2022-11-29 12:00:00,0.35073897,333,0.399721622467041,0.37872198,0.020999640226364136
2022-11-30 12:00:00,0.3507119,334,0.3945484280586243,0.36825508,0.026293349266052257
2022-12-01 12:00:00,0.43329072,335,0.39644297063350675,0.4031116,-0.006668636202812217
2022-12-02 12:00:00,0.40864438,336,0.3941305786371231,0.38178217,0.012348404526710488
2022-12-03 12:00:00,0.35194245,337,0.384967902302742,0.35388464,0.031083264946937583
2022-12-04 12:00:00,0.42785603,338,0.3829911917448044,0.386739,-0.0037477940320968517
2022-12-05 12:00:00,0.42766762,339,0.38701573610305784,0.37170398,0.01531175374984739
2022-12-06 12:00:00,0.47372204,340,0.3974407076835632,0.38722318,0.01021752357482908
2022-12-07 12:00:00,0.45557836,341,0.405153352022171,0.3632648,0.04188855290412902
2022-12-08 12:00:00,0.4000434,342,0.4080195873975754,0.36811972,0.03989987075328827
2022-12-09 12:00:00,0.45182514,343,0.41812820434570314,0.37827137,0.03985683321952821
2022-12-10 12:00:00,0.41466486,344,0.42452349960803987,0.36332893,0.061194565892219555
2022-12-11 12:00:00,0.49566138,345,0.4307605654001236,0.39113528,0.039625290036201466
2022-12-12 12:00:00,0.49399883,346,0.4392960101366043,0.3816224,0.057673606276512135
2022-12-13 12:00:00,0.56967074,347,0.4610688388347626,0.39665878,0.06441006064414978
2022-12-14 12:00:00,,348,0.4647591511408488,0.36300632,0.1017528275648753
2022-12-15 12:00:00,0.46441242,349,0.4688419070508745,0.39022985,0.07861205604341293
2022-12-16 12:00:00,0.4462918,350,0.4657941030131446,0.37832853,0.08746557103263009
2022-12-17 12:00:00,0.43937987,351,0.46399427122539944,0.387156,0.07683826155132717
2022-12-18 12:00:00,0.44225553,352,0.46868450774086845,0.3737697,0.09491480721367729
2022-12-19 12:00:00,0.45080525,353,0.46857118606567383,0.3839858,0.08458539843559265
2022-12-20 12:00:00,0.49732524,354,0.47775567240185207,0.4497578,0.02799785799450344
2022-12-21 12:00:00,0.47499767,355,0.4754597047964732,0.4269549,0.048504809538523375
2022-12-22 12:00:00,0.4833373,356,0.4742750922838847,0.42391795,0.05035714308420819
2022-12-23 12:00:00,0.498051,357,0.4663173423873054,0.40459636,0.06172098384963143
2022-12-24 12:00:00,0.45419505,358,0.46510511338710786,0.41222954,0.05287557542324067
2022-12-25 12:00:00,0.5062462,359,0.4692884922027588,0.42910507,0.04018341898918154
2022-12-26 12:00:00,0.46693608,360,0.4713529199361801,0.40299073,0.06836219131946564
2022-12-27 12:00:00,0.41962853,361,0.4693777859210968,0.40802148,0.061356306076049805
2022-12-28 12:00:00,0.44087064,362,0.4692392975091934,0.3838836,0.08535570204257964
2022-12-29 12:00:00,0.4603093,363,0.47018970251083375,0.39591962,0.07427008152008058
2022-12-30 12:00:00,0.45561257,364,0.46601843535900117,0.39280036,0.07321807444095613
2022-12-31 12:00:00,0.43537354,365,0.46205602288246156,0.38301083,0.07904518842697145
2023-01-01 12:00:00,0.4190066,1,0.4556229501962662,0.3864723,0.06915063560009005
2023-01-02 12:00:00,0.45391828,2,0.4512096792459488,0.40218058,0.04902909696102142
2023-01-03 12:00:00,0.34467095,3,0.4402572691440582,0.3910916,0.04916568398475646
2023-01-04 12:00:00,,4,0.43292516469955444,0.39495927,0.03796589374542236
2023-01-05 12:00:00,,5,0.42867380008101463,0.3713293,0.05734449252486229
2023-01-06 12:00:00,,6,0.42996598141533987,0.36444905,0.06551692741257803
2023-01-07 12:00:00,0.4450943,7,0.43056935923440115,0.41802442,0.012544938496180935
2023-01-08 12:00:00,0.48251805,8,0.4337420378412519,0.4172373,0.016504726239613132
2023-01-09 12:00:00,0.4388895,9,0.4313530283314841,0.4056448,0.02570822409221102
2023-01-10 12:00:00,0.3983074,10,0.42605786664145334,0.38533783,0.04072003705160959
2023-01-11 12:00:00,0.44287032,11,0.4294669713292803,0.3886183,0.04084868090493338
2023-01-12 12:00:00,0.3859899,12,0.4197629179273333,0.37092325,0.048839667013713284
2023-01-13 12:00:00,0.40132117,13,0.42785580669130596,0.38340485,0.04445095573152813
2023-01-14 12:00:00,0.40280116,14,0.4247239753603935,0.38811454,0.036609433591365814
2023-01-15 12:00:00,0.40829146,15,0.4228981402185228,0.38860998,0.03428816464212203
2023-01-16 12:00:00,0.43750137,16,0.4243584632873535,0.38802296,0.03633550405502317
2023-01-17 12:00:00,0.4314312,17,0.42299215495586395,0.38275933,0.0402328222990036
2023-01-18 12:00:00,0.38398588,18,0.4131389379501343,0.3798885,0.03325043320655824
2023-01-19 12:00:00,0.38498744,19,0.40774873197078704,0.3720979,0.03565082252025603
2023-01-20 12:00:00,0.4473974,20,0.41265773177146914,0.4105781,0.0020796298980713113
2023-01-21 12:00:00,0.40457305,21,0.408828005194664,0.40732408,0.0015039294958114624
2023-01-22 12:00:00,0.39605865,22,0.4098348796367645,0.40736237,0.0024725079536437877
2023-01-23 12:00:00,0.36236894,23,0.40593965649604796,0.39973465,0.006205010414123524
2023-01-24 12:00:00,0.35634,24,0.40129354000091555,0.39047927,0.01081427335739138
2023-01-25 12:00:00,0.31339648,25,0.39180404245853423,0.37558076,0.01622328460216521
2023-01-26 12:00:00,0.35088637,26,0.3831425428390503,0.4056438,-0.022501248121261586
2023-01-27 12:00:00,0.35283276,27,0.3752826988697052,0.39556965,-0.020286953449249245
2023-01-28 12:00:00,0.35263044,28,0.37214715480804444,0.37254143,-0.0003942728042602428
2023-01-29 12:00:00,0.33633325,29,0.3672817349433899,0.38716748,-0.019885748624801636
2023-01-30 12:00:00,0.3347727,30,0.35601926445960996,0.40357998,-0.047560715675354026
2023-01-31 12:00:00,0.3448853,31,0.350050488114357,0.40741593,-0.0573654383420944
2023-02-01 12:00:00,0.333901,32,0.34383472204208376,0.41167966,-0.06784493327140806
2023-02-02 12:00:00,0.2846819,33,0.3360660165548325,0.38835484,-0.05228882133960722
2023-02-03 12:00:00,0.34211427,34,0.33464344441890714,0.37754154,-0.04289809763431551
2023-02-04 12:00:00,0.31038937,35,0.33434273302555084,0.38968793,-0.055345192551612854
2023-02-05 12:00:00,0.32986,36,0.33224009573459623,0.3883758,-0.05613569319248202
2023-02-06 12:00:00,0.32288617,37,0.3292454361915588,0.3859026,-0.05665717720985414
2023-02-07 12:00:00,0.3185112,38,0.3258335113525391,0.3803881,-0.0545545995235443
2023-02-08 12:00:00,0.35334393,39,0.3275345802307129,0.37012216,-0.04258758425712583
2023-02-09 12:00:00,0.34141463,40,0.3281987726688385,0.39988688,-0.07168810367584227
2023-02-10 12:00:00,0.34054565,41,0.3277648091316223,0.3737662,-0.04600140452384949
2023-02-11 12:00:00,0.32347167,42,0.3267218768596649,0.3907012,-0.06397932767868042
2023-02-12 12:00:00,0.32607234,43,0.33086092174053194,0.3791652,-0.04830428063869474
2023-02-13 12:00:00,0.31464136,44,0.3281136304140091,0.38245866,-0.0543450266122818
2023-02-14 12:00:00,0.3361479,45,0.3306894838809967,0.37128645,-0.04059696793556211
2023-02-15 12:00:00,0.3404661,46,0.3317500948905945,0.3670705,-0.035320401191711426
2023-02-16 12:00:00,0.31880674,47,0.33134215176105497,0.35659084,-0.025248685479164146
2023-02-17 12:00:00,0.32140335,48,0.33163136839866636,0.35714054,-0.025509172677993797
2023-02-18 12:00:00,0.35275775,49,0.33157275021076205,0.33947995,-0.007907202839851357
2023-02-19 12:00:00,0.31904137,50,0.3293354243040085,0.33928862,-0.009953197836875927
2023-02-20 12:00:00,0.29586783,51,0.32486764192581175,0.3627164,-0.037848764657974265
2023-02-21 12:00:00,0.3247431,52,0.32499478459358216,0.34647006,-0.021475273370742787
2023-02-22 12:00:00,0.29727438,53,0.3221149891614914,0.35201713,-0.029902145266532898
2023-02-23 12:00:00,0.3090048,54,0.3215513348579407,0.3525628,-0.03101145029067992
2023-02-24 12:00:00,0.29766235,55,0.31770277917385104,0.35007006,-0.03236728012561796
2023-02-25 12:00:00,0.27183062,56,0.31083922982215884,0.3392118,-0.028372561931610085
2023-02-26 12:00:00,0.28060794,57,0.3070193499326706,0.34654975,-0.039530399441719044
2023-02-27 12:00:00,0.26207525,58,0.3010865390300751,0.33415344,-0.0330669045448303
2023-02-28 12:00:00,0.2564454,59,0.2914553046226501,0.3433372,-0.05188190340995791
2023-03-01 12:00:00,0.2687082,60,0.28642198741436004,0.3592928,-0.0728708177804947
2023-03-02 12:00:00,0.23714863,61,0.28055006712675096,0.35127714,-0.07072707563638686
2023-03-03 12:00:00,0.26477122,62,0.27455288022756574,0.35577622,-0.08122334033250811
2023-03-04 12:00:00,0.25094053,63,0.26991949528455733,0.3457021,-0.07578261643648149
2023-03-05 12:00:00,0.3205307,64,0.27107208520174025,0.3510044,-0.07993230670690538
2023-03-06 12:00:00,0.37135753,65,0.27844160348176955,0.37957877,-0.10113716572523118
2023-03-07 12:00:00,0.361289,66,0.28738744109869,0.3632566,-0.07586916238069535
2023-03-08 12:00:00,0.42995393,67,0.3023220404982567,0.3625015,-0.06017946153879167
2023-03-09 12:00:00,0.40109196,68,0.3162237122654915,0.37195396,-0.05573025196790693
2023-03-10 12:00:00,0.39552566,69,0.3301317378878593,0.36389956,-0.03376782089471819
2023-03-11 12:00:00,0.4058422,70,0.34384513944387435,0.3726331,-0.02878796011209489
2023-03-12 12:00:00,0.35635868,71,0.3557661443948746,0.38081348,-0.025047335028648365
2023-03-13 12:00:00,0.35826927,72,0.36511594951152804,0.3562455,0.008870461583137534
2023-03-14 12:00:00,0.34231716,73,0.37425361275672914,0.33896935,0.03528426289558412
2023-03-15 12:00:00,0.3198699,74,0.3741875320672989,0.34914234,0.02504518926143645
2023-03-16 12:00:00,0.34483856,75,0.3715356349945068,0.3434946,0.028041040897369363
2023-03-17 12:00:00,0.3207888,76,0.36748561561107634,0.34721887,0.02026674449443816
2023-03-18 12:00:00,0.3296927,77,0.3574594914913177,0.33943242,0.018027073144912698
2023-03-19 12:00:00,0.3176754,78,0.349117836356163,0.3450849,0.004032930731773354
2023-03-20 12:00:00,0.31461513,79,0.34102678298950195,0.34169653,-0.0006697475910186768
2023-03-21 12:00:00,0.32133725,80,0.33257628679275514,0.33875456,-0.006178277730941761
2023-03-22 12:00:00,0.29469195,81,0.3264096140861511,0.35492712,-0.028517508506774925
2023-03-23 12:00:00,0.29250962,82,0.3198336482048035,0.36323926,-0.04340561032295226
2023-03-24 12:00:00,0.38091043,83,0.32369297444820405,0.36069483,-0.03700185120105742
2023-03-25 12:00:00,0.3132344,84,0.3230294227600098,0.3709216,-0.047892189025878884
2023-03-26 12:00:00,0.32974178,85,0.32151974439620973,0.3686362,-0.04711644649505614
2023-03-27 12:00:00,0.29259974,86,0.31870083808898925,0.35829222,-0.03959138393402101
2023-03-28 12:00:00,0.31301346,87,0.31703291535377504,0.37313136,-0.05609844923019408
2023-03-29 12:00:00,0.3174207,88,0.31700744330883024,0.3549411,-0.037933656573295615
2023-03-30 12:00:00,0.29842845,89,0.31538877487182615,0.35757586,-0.04218708872795107
2023-03-31 12:00:00,0.31649947,90,0.314904996752739,0.3558557,-0.04095070660114286
2023-04-01 12:00:00,0.2716652,91,0.3126023203134537,0.3544805,-0.04187818467617033
2023-04-02 12:00:00,0.26060796,92,0.30941215455532073,0.35583833,-0.04642617404460908
2023-04-03 12:00:00,0.26193705,93,0.2975148171186447,0.35406494,-0.05655012428760531
2023-04-04 12:00:00,0.27269667,94,0.2934610456228256,0.35484082,-0.06137976944446566
2023-04-05 12:00:00,0.25049803,95,0.2855366706848145,0.3541897,-0.06865302324295042
2023-04-06 12:00:00,0.29421234,96,0.2856979310512543,0.37724918,-0.09155125021934507
2023-04-07 12:00:00,0.2827058,97,0.28266716599464414,0.38376752,-0.10110034942626955
2023-04-08 12:00:00,0.24177408,98,0.2751025050878525,0.37126312,-0.09616061151027677
2023-04-09 12:00:00,0.2476289,99,0.2700225502252579,0.3731911,-0.10316853821277616
2023-04-10 12:00:00,0.24936137,100,0.2633087396621704,0.39947268,-0.1361639440059662
2023-04-11 12:00:00,0.25566274,101,0.2617084950208664,0.4066782,-0.1449697047472
2023-04-12 12:00:00,0.21727632,102,0.25737533122301104,0.37182865,-0.11445331424474714
2023-04-13 12:00:00,0.20679754,103,0.2518613800406456,0.3634725,-0.11161111146211622
2023-04-14 12:00:00,0.22747877,104,0.2473395898938179,0.3785857,-0.13124610632658004
2023-04-15 12:00:00,0.25717413,105,0.24800720065832138,0.37482834,-0.1268211379647255
2023-04-16 12:00:00,0.26177153,106,0.24476311951875687,0.38340855,-0.13864542692899703
2023-04-17 12:00:00,0.24122833,107,0.24061537086963652,0.36466676,-0.12405138909816743
2023-04-18 12:00:00,0.24443348,108,0.240881310403347,0.3620403,-0.12115900069475175
2023-04-19 12:00:00,0.21252178,109,0.23737059831619262,0.3637924,-0.12642179131507875
2023-04-20 12:00:00,0.21921946,110,0.23435640782117845,0.3489082,-0.11455177813768386
2023-04-21 12:00:00,0.21767583,111,0.23055771738290787,0.3273567,-0.09679897874593735
2023-04-22 12:00:00,0.33000928,112,0.2418310135602951,0.370706,-0.1288749784231186
2023-04-23 12:00:00,0.338125,113,0.2549637585878372,0.38126603,-0.1263022691011429
2023-04-24 12:00:00,0.29647717,114,0.26186359822750094,0.37284434,-0.11098074018955228
2023-04-25 12:00:00,0.26559657,115,0.2627058416604996,0.38106364,-0.11835779845714567
2023-04-26 12:00:00,0.26327866,116,0.2628565549850464,0.373349,-0.11049245595932006
2023-04-27 12:00:00,0.2474193,117,0.26347565203905104,0.36050975,-0.09703410118818284
2023-04-28 12:00:00,0.24194852,118,0.26322715580463407,0.34435433,-0.08112717568874361
2023-04-29 12:00:00,0.27370852,119,0.2693458303809166,0.3453494,-0.07600357085466386
2023-04-30 12:00:00,0.24364068,120,0.2717879518866539,0.35340473,-0.0816167786717415
2023-05-01 12:00:00,0.24879877,121,0.2749002456665039,0.35873884,-0.08383859395980836
2023-05-02 12:00:00,0.23465833,122,0.26536515057086946,0.34515187,-0.07978672087192534
2023-05-03 12:00:00,0.17802584,123,0.24935523569583892,0.3272901,-0.0779348522424698
2023-05-04 12:00:00,0.15248221,124,0.2349557399749756,0.32367495,-0.08871920704841613
2023-05-05 12:00:00,0.19764042,125,0.22816012501716615,0.34570587,-0.11754574179649352
2023-05-06 12:00:00,0.20629492,126,0.2224617511034012,0.32496586,-0.10250411331653594
2023-05-07 12:00:00,0.21874197,127,0.21959401816129684,0.33617115,-0.11657713204622269
2023-05-08 12:00:00,0.21002178,128,0.216401344537735,0.34259048,-0.12618913650512695
2023-05-09 12:00:00,0.1986498,129,0.20889547169208528,0.3237114,-0.1148159235715866
2023-05-10 12:00:00,0.18305825,130,0.20283722877502441,0.33385935,-0.1310221254825592
2023-05-11 12:00:00,0.20066212,131,0.19802356362342835,0.3284437,-0.13042014241218566
2023-05-12 12:00:00,0.14662527,132,0.18922025710344315,0.31607383,-0.1268535777926445
2023-05-13 12:00:00,0.12784564,133,0.18420223742723466,0.31999946,-0.135797218978405
2023-05-14 12:00:00,0.17527281,134,0.1864812970161438,0.3217737,-0.1352924108505249
2023-05-15 12:00:00,0.15391304,135,0.1821085587143898,0.30763957,-0.12553101032972336
2023-05-16 12:00:00,0.14936395,136,0.17641546130180358,0.31382653,-0.13741106986999513
2023-05-17 12:00:00,0.13543858,137,0.16808512210845947,0.29337522,-0.1252901017665863
2023-05-18 12:00:00,0.122120865,138,0.15929503068327905,0.29360393,-0.1343088962137699
2023-05-19 12:00:00,0.109945066,139,0.15042455792427062,0.27909195,-0.1286673963069916
2023-05-20 12:00:00,0.12637256,140,0.1447559893131256,0.27549893,-0.13074293732643127
2023-05-21 12:00:00,0.13257354,141,0.1379471316933632,0.29265648,-0.15470934957265853
2023-05-22 12:00:00,0.1632894,142,0.1396135449409485,0.29045328,-0.15083974003791809
2023-05-23 12:00:00,0.2225476,143,0.14908374100923538,0.28784874,-0.13876499980688095
2023-05-24 12:00:00,0.30995357,144,0.1625518172979355,0.29655153,-0.13399970829486846
2023-05-25 12:00:00,0.30240807,145,0.17740132063627242,0.28669652,-0.10929520279169083
2023-05-26 12:00:00,0.2584571,146,0.18831063508987428,0.2839278,-0.09561716318130492
2023-05-27 12:00:00,0.2452847,147,0.19929524809122084,0.2766432,-0.0773479387164116
2023-05-28 12:00:00,,148,0.20787017958031762,0.26753294,-0.05966276509894264
2023-05-29 12:00:00,0.42614922,149,0.24300397435824075,0.28073576,-0.03773178656895956
2023-05-30 12:00:00,0.39696008,150,0.27306925422615475,0.282176,-0.009106733732753336
2023-05-31 12:00:00,0.4191625,151,0.304912472764651,0.267062,0.03785046438376111
2023-06-01 12:00:00,0.38413322,152,0.32945067518287235,0.26377013,0.06568054192596012
2023-06-02 12:00:00,0.35983443,153,0.3447047670682271,0.26343393,0.08127083381017047
2023-06-03 12:00:00,0.2860463,154,0.34204840328958297,0.24920358,0.09284482565191055
2023-06-04 12:00:00,0.34249404,155,0.3465024001068539,0.2545854,0.0919170147842831
2023-06-05 12:00:00,0.35993758,156,0.3577780094411638,0.23397146,0.12380654778745437
2023-06-06 12:00:00,0.3274946,157,0.36691244112120736,0.24298702,0.12392541931735146
2023-06-07 12:00:00,0.386552,158,0.3688763976097107,0.25036046,0.11851593852043152
2023-06-08 12:00:00,0.39974248,159,0.3662357240915298,0.2602583,0.10597743690013883
2023-06-09 12:00:00,0.45487422,160,0.37202713787555697,0.24395096,0.12807617485523226
2023-06-10 12:00:00,0.33919412,161,0.3640302985906601,0.24201131,0.12201898992061616
2023-06-11 12:00:00,0.38054913,162,0.36367188990116117,0.2494276,0.11424428820610044
2023-06-12 12:00:00,0.31762573,163,0.35945101976394656,0.23929234,0.12015868127346041
2023-06-13 12:00:00,0.33637947,164,0.36448433697223664,0.23142806,0.13305628001689912
2023-06-14 12:00:00,0.32256714,165,0.36249164640903475,0.25370026,0.1087913900613785
2023-06-15 12:00:00,0.32112092,166,0.3586099803447723,0.23918368,0.11942630112171171
2023-06-16 12:00:00,0.3069147,167,0.35655198991298676,0.24561907,0.11093291640281677
2023-06-17 12:00:00,0.27658713,168,0.3455555021762848,0.21150397,0.13405153453350066
2023-06-18 12:00:00,0.23147997,169,0.32872925102710726,0.20218836,0.12654089331626894
2023-06-19 12:00:00,0.2124586,170,0.30448768883943556,0.21059585,0.0938918426632881
2023-06-20 12:00:00,0.26127744,171,0.29669602066278455,0.21002267,0.08667334765195844
2023-06-21 12:00:00,0.20102839,172,0.27874394655227663,0.2092912,0.06945274174213412
2023-06-22 12:00:00,0.25338146,173,0.27231951951980593,0.21171898,0.060600543022155784
2023-06-23 12:00:00,0.24740864,174,0.2634224370121956,0.20073542,0.06268701702356339
2023-06-24 12:00:00,0.22853583,175,0.25401930660009386,0.19126664,0.06275266557931902
2023-06-25 12:00:00,0.26767415,176,0.2486746296286583,0.20946647,0.03920815736055375
2023-06-26 12:00:00,0.24413906,177,0.24239706695079805,0.19503342,0.04736365079879762
2023-06-27 12:00:00,0.2275945,178,0.23749780356884004,0.17403437,0.06346343159675599
2023-06-28 12:00:00,0.2210553,179,0.23645533621311188,0.175508,0.06094732880592346
2023-06-29 12:00:00,0.20028396,180,0.23523787260055543,0.17673033,0.05850753784179688
2023-06-30 12:00:00,0.19334929,181,0.2284450575709343,0.17583379,0.0526112660765648
2023-07-01 12:00:00,0.17528965,182,0.22587118297815323,0.1712311,0.05464007705450058
2023-07-02 12:00:00,0.19207981,183,0.21974101811647415,0.17107482,0.04866619557142257
2023-07-03 12:00:00,0.20042776,184,0.2150429293513298,0.18684325,0.028199683129787434
2023-07-04 12:00:00,0.16510977,185,0.2087003231048584,0.16736437,0.04133594930171966
2023-07-05 12:00:00,0.16408171,186,0.19834107905626297,0.16400291,0.03433816879987717
2023-07-06 12:00:00,0.15560877,187,0.18948805034160615,0.15672751,0.0327605426311493
2023-07-07 12:00:00,0.15352392,188,0.1820809930562973,0.16125287,0.020828121900558466
2023-07-08 12:00:00,0.11832146,189,0.17180760949850082,0.17356035,-0.0017527416348457336
2023-07-09 12:00:00,0.1452392,190,0.16630313396453858,0.16408993,0.0022132009267807062
2023-07-10 12:00:00,0.16329132,191,0.1632973372936249,0.16080992,0.002487418055534374
2023-07-11 12:00:00,0.16327274,192,0.1620956465601921,0.15201591,0.01007973700761794
2023-07-12 12:00:00,0.13629493,193,0.15651715844869613,0.14798099,0.008536170423030842
2023-07-13 12:00:00,0.14244348,194,0.1507187306880951,0.15456857,-0.0038498371839523204
2023-07-14 12:00:00,0.15845689,195,0.15005344301462173,0.14901066,0.0010427847504615728
2023-07-15 12:00:00,0.14870179,196,0.14851545095443724,0.15113707,-0.002621617913246166
2023-07-16 12:00:00,0.12987958,197,0.14594253152608871,0.14793977,-0.001997239887714386
2023-07-17 12:00:00,0.12089369,198,0.14267950803041457,0.15029368,-0.007614170014858257
2023-07-18 12:00:00,0.120997705,199,0.14294713214039803,0.14713536,-0.0041882298886775915
2023-07-19 12:00:00,0.10632553,200,0.1390557646751404,0.14855132,-0.009495550394058222
2023-07-20 12:00:00,0.13160084,201,0.13588671684265136,0.13800348,-0.0021167665719986073
2023-07-21 12:00:00,0.12359816,202,0.1319192588329315,0.14030196,-0.008382698893547064
2023-07-22 12:00:00,0.1352686,203,0.13181662559509277,0.14557737,-0.013760745525360107
2023-07-23 12:00:00,0.13328615,204,0.1309008926153183,0.14173962,-0.010838729143142711
2023-07-24 12:00:00,0.12766588,205,0.12782179117202758,0.13674207,-0.008920279145240795
2023-07-25 12:00:00,0.1288895,206,0.12584056258201598,0.13692208,-0.011081513762474071
2023-07-26 12:00:00,0.12403985,207,0.1252565898001194,0.15447336,-0.029216774553060543
2023-07-27 12:00:00,0.1673682,208,0.12990404143929482,0.13872933,-0.008825292438268656
2023-07-28 12:00:00,0.1462354,209,0.13242781162261963,0.14153592,-0.009108111262321472
2023-07-29 12:00:00,0.14602154,210,0.1363974131643772,0.14378485,-0.0073874376714229695
2023-07-30 12:00:00,0.108589776,211,0.13409630656242372,0.13714087,-0.0030445635318755992
2023-07-31 12:00:00,0.13845818,212,0.13558230847120284,0.13496916,0.0006131485104560741
2023-08-01 12:00:00,0.12778392,213,0.13483384102582932,0.1300208,0.0048130437731742914
2023-08-02 12:00:00,0.1551177,214,0.13701699674129486,0.14151715,-0.004500150680541992
2023-08-03 12:00:00,0.11700737,215,0.13595114573836325,0.12886053,0.0070906125009059795
2023-08-04 12:00:00,0.10286805,216,0.13334900066256522,0.13507284,-0.001723841577768337
2023-08-05 12:00:00,0.12118139,217,0.1330631546676159,0.12868367,0.0043794833123683985
2023-08-06 12:00:00,0.13761035,218,0.13008736893534661,0.12760268,0.0024846874177456013
2023-08-07 12:00:00,0.12738949,219,0.12820277735590935,0.13374633,-0.005543548613786697
2023-08-08 12:00:00,0.1419804,220,0.12779866233468057,0.12899292,-0.0011942528188228496
2023-08-09 12:00:00,0.15227912,221,0.13216759711503984,0.13119048,0.0009771183133125416
2023-08-10 12:00:00,0.12192812,222,0.13051459118723868,0.12736617,0.003148420900106419
2023-08-11 12:00:00,0.13629621,223,0.13136582002043723,0.13025206,0.0011137567460536846
2023-08-12 12:00:00,0.13055646,224,0.12890969589352608,0.12690082,0.0020088739693164825
2023-08-13 12:00:00,0.13336074,225,0.13054503351449967,0.12629405,0.004250986874103552
2023-08-14 12:00:00,0.11704557,226,0.13196278512477874,0.12029237,0.011670412123203272
2023-08-15 12:00:00,0.11683955,227,0.1315286010503769,0.11773699,0.013791613280773163
2023-08-16 12:00:00,0.14913125,228,0.13268069177865982,0.12634286,0.0063378289341926575
2023-08-17 12:00:00,0.13995557,229,0.1339372992515564,0.1207577,0.013179600238800049
2023-08-18 12:00:00,0.13724409,230,0.13346366882324218,0.12799847,0.005465197563171376
2023-08-19 12:00:00,0.13413604,231,0.13164936006069183,0.122881286,0.008768074214458466
2023-08-20 12:00:00,0.14606409,232,0.13406295701861382,0.12962584,0.004437115043401718
2023-08-21 12:00:00,0.17629611,233,0.13806294724345208,0.12610762,0.011955329030752193
2023-08-22 12:00:00,0.1599787,234,0.14100517109036445,0.13803422,0.0029709465801715795
2023-08-23 12:00:00,0.15266792,235,0.14293588921427727,0.1377682,0.005167695134878164
2023-08-24 12:00:00,0.19040129,236,0.15027146115899087,0.14141513,0.008856327086687099
2023-08-25 12:00:00,0.11091885,237,0.14967939108610154,0.12603457,0.02364481836557389
2023-08-26 12:00:00,0.1085749,238,0.1456237554550171,0.14522703,0.00039672553539277233
2023-08-27 12:00:00,0.11704914,239,0.14333311319351197,0.14944483,-0.006111720204353327
2023-08-28 12:00:00,0.12855464,240,0.14246416836977005,0.15051888,-0.008054710924625397
2023-08-29 12:00:00,0.17894971,241,0.1469455361366272,0.1517701,-0.0048245638608932495
2023-08-30 12:00:00,0.16176353,242,0.14851548075675963,0.14100519,0.007510292530059803
2023-08-31 12:00:00,0.20294398,243,0.15118026733398438,0.15705961,-0.005879342555999756
2023-09-01 12:00:00,0.18835835,244,0.15401823222637176,0.1348131,0.01920513212680816
2023-09-02 12:00:00,0.13179015,245,0.15193045437335967,0.141397,0.01053345501422881
2023-09-03 12:00:00,0.31877038,246,0.1647673636674881,0.157315,0.007452362775802607
2023-09-04 12:00:00,0.31127012,247,0.18480249047279357,0.14278199,0.04202050268650054
2023-09-05 12:00:00,0.2868424,248,0.20262924134731292,0.15626027,0.046368974447250355
2023-09-06 12:00:00,0.27176872,249,0.2181011989712715,0.1519004,0.06620080322027205
2023-09-07 12:00:00,0.25386792,250,0.23063252717256547,0.16519362,0.06543890982866288
2023-09-08 12:00:00,0.24624282,251,0.23736183792352678,0.1652146,0.07214723974466325
2023-09-09 12:00:00,0.2234507,252,0.24353055506944657,0.17137599,0.07215456515550614
2023-09-10 12:00:00,0.2911095,253,0.25234710723161696,0.16883884,0.083508263528347
2023-09-11 12:00:00,0.30928427,254,0.26443969905376435,0.16686703,0.09757266640663148
2023-09-12 12:00:00,0.29719895,255,0.28098057955503464,0.1676229,0.11335768550634384
2023-09-13 12:00:00,0.28164327,256,0.27726786881685256,0.18125947,0.09600840061902999
2023-09-14 12:00:00,0.26043072,257,0.27218392938375474,0.1945393,0.0776446357369423
2023-09-15 12:00:00,0.22398683,258,0.26589837223291396,0.21420695,0.05169142335653304
2023-09-16 12:00:00,0.29931295,259,0.26865279525518415,0.23211169,0.036541102826595284
2023-09-17 12:00:00,0.35614604,260,0.2788806065917015,0.22762647,0.051254133880138386
2023-09-18 12:00:00,0.3866606,261,0.29292238503694534,0.23051277,0.06240961700677872
2023-09-19 12:00:00,0.32735115,262,0.3033124297857285,0.22309914,0.08021328747272494
2023-09-20 12:00:00,0.27789012,263,0.3019904911518097,0.22335371,0.07863677740097047
2023-09-21 12:00:00,0.311607,264,0.3022227644920349,0.22350381,0.07871895134449003
2023-09-22 12:00:00,0.29368955,265,0.30187182426452636,0.22417666,0.0776951640844345
2023-09-23 12:00:00,0.29232582,266,0.3029400795698166,0.22469865,0.07824143171310427
2023-09-24 12:00:00,0.29354706,267,0.3062517136335373,0.23496915,0.07128255963325503
2023-09-25 12:00:00,0.272556,268,0.31110863089561464,0.22326708,0.08784155249595643
2023-09-26 12:00:00,0.2679844,269,0.3079757750034332,0.21399032,0.09398545920848844
2023-09-27 12:00:00,0.27053332,270,0.2994145035743713,0.21629143,0.08312307596206664
2023-09-28 12:00:00,0.2395343,271,0.2847018733620644,0.22335252,0.06134935170412065
2023-09-29 12:00:00,0.26073754,272,0.278040511906147,0.21668711,0.06135339885950086
2023-09-30 12:00:00,0.22812058,273,0.2730635583400726,0.21051738,0.06254618167877196
2023-10-01 12:00:00,0.24270268,274,0.26617312580347063,0.22752136,0.038651765882968925
2023-10-02 12:00:00,0.22520296,275,0.2593244671821594,0.21836643,0.040958037972450234
2023-10-03 12:00:00,0.21188523,276,0.2512804076075554,0.22464703,0.026633377373218525
2023-10-04 12:00:00,0.2053279,277,0.2424584910273552,0.21582069,0.026637805998325353
2023-10-05 12:00:00,0.20815721,278,0.23601861149072648,0.2310855,0.004933117330074316
2023-10-06 12:00:00,0.20556484,279,0.22977665662765503,0.22444333,0.005333325266838079
2023-10-07 12:00:00,0.20359913,280,0.22308323681354522,0.21573085,0.007352390885353083
2023-10-08 12:00:00,0.19051465,281,0.21818127185106279,0.21373194,0.004449327290058147
2023-10-09 12:00:00,0.20714161,282,0.21282167881727218,0.21444227,-0.0016205891966819819
2023-10-10 12:00:00,0.18614443,283,0.20862406343221665,0.20218302,0.006441040337085729
2023-10-11 12:00:00,0.19095953,284,0.20344974845647812,0.23270407,-0.029254324734210968
2023-10-12 12:00:00,0.1894457,285,0.19987402260303497,0.22070266,-0.020828640460968023
2023-10-13 12:00:00,0.21206324,286,0.19989182353019713,0.21077365,-0.010881823301315319
2023-10-14 12:00:00,0.22793032,287,0.2021520659327507,0.24977106,-0.04761899262666702
2023-10-15 12:00:00,0.23970978,288,0.2053073227405548,0.26918527,-0.06387795209884645
2023-10-16 12:00:00,0.32484752,289,0.2172355905175209,0.270501,-0.053265397250652324
2023-10-17 12:00:00,0.32219085,290,0.22909476310014726,0.28497446,-0.0558796927332878
2023-10-18 12:00:00,0.34339276,291,0.2443825736641884,0.31070825,-0.06632568091154098
2023-10-19 12:00:00,,292,0.24852045873800913,0.30353272,-0.055012260874112456
2023-10-20 12:00:00,0.3828587,293,0.27037759953074986,0.33082974,-0.06045214003986782
2023-10-21 12:00:00,0.3738683,294,0.290700794921981,0.33849204,-0.047791240943802715
2023-10-22 12:00:00,0.36323604,295,0.31001083221700454,0.3311898,-0.02117897901270127
2023-10-23 12:00:00,0.3767222,296,0.32830627097023857,0.3397465,-0.011440234051810383
2023-10-24 12:00:00,0.43927887,297,0.3517894430292977,0.34023115,0.011558292640580059
2023-10-25 12:00:00,0.41302216,298,0.37104637424151105,0.3398163,0.031230072180430113
2023-10-26 12:00:00,0.41335315,299,0.38088033265537685,0.3385588,0.04232153958744472
2023-10-27 12:00:00,0.43737197,300,0.3936782346831428,0.3363659,0.05731232629881966
2023-10-28 12:00:00,0.41931495,301,0.40211403369903564,0.3254307,0.07668334245681763
2023-10-29 12:00:00,0.43974426,302,0.4058770567178726,0.35444885,0.05142820179462432
2023-10-30 12:00:00,0.41458768,303,0.40904995501041413,0.34866098,0.06038897931575776
2023-10-31 12:00:00,0.3841579,304,0.41007891595363616,0.37075877,0.039320144057273854
2023-11-01 12:00:00,0.4109726,305,0.41485257148742677,0.35243005,0.06242252588272096
2023-11-02 12:00:00,0.441778,306,0.4213581532239914,0.3528227,0.0685354620218277
2023-11-03 12:00:00,0.41102937,307,0.4185332030057907,0.3758835,0.042649713158607494
2023-11-04 12:00:00,0.44670236,308,0.42190122306346894,0.36182922,0.060072001814842235
2023-11-05 12:00:00,0.39923263,309,0.4204891711473465,0.36367443,0.056814739108085655
2023-11-06 12:00:00,0.34738502,310,0.4114904761314392,0.35966298,0.05182749629020689
2023-11-07 12:00:00,0.3654612,311,0.406105101108551,0.36376706,0.042338043451309204
2023-11-08 12:00:00,0.3874197,312,0.40087264478206636,0.3771041,0.023768541216850292
2023-11-09 12:00:00,0.4081843,313,0.4002323061227798,0.38398263,0.016249677538871743
2023-11-10 12:00:00,0.37053525,314,0.39887004196643827,0.35275054,0.046119502186775185
2023-11-11 12:00:00,0.4182164,315,0.3995944231748581,0.36016223,0.03943219482898713
2023-11-12 12:00:00,0.45042652,316,0.40045927464962006,0.3595915,0.04086776077747345
2023-11-13 12:00:00,0.4402517,317,0.4033815085887909,0.3596434,0.04373810887336732
2023-11-14 12:00:00,0.38538003,318,0.39724927544593813,0.35756534,0.03968393206596377
2023-11-15 12:00:00,0.3685333,319,0.3941793441772461,0.35579035,0.038388997316360474
2023-11-16 12:00:00,0.38794392,320,0.39823523461818694,0.35293368,0.045301559567451466
2023-11-17 12:00:00,0.3669044,321,0.3983795553445816,0.35801497,0.04036458432674406
2023-11-18 12:00:00,0.37831402,322,0.3974689871072769,0.33542517,0.062043818831443776
2023-11-19 12:00:00,0.36504176,323,0.3931547343730927,0.3313061,0.061848634481430076
2023-11-20 12:00:00,0.35558507,324,0.39165971577167513,0.34407833,0.04758138358592989
2023-11-21 12:00:00,0.34222412,325,0.38406048715114594,0.35562962,0.028430864214897156
2023-11-22 12:00:00,0.33536065,326,0.37255389988422394,0.36348972,0.00906418263912201
2023-11-23 12:00:00,0.3277177,327,0.3613004982471466,0.3509741,0.010326385498046875
2023-11-24 12:00:00,0.29756215,328,0.35251871049404143,0.36400625,-0.011487540602684032
2023-11-25 12:00:00,0.3082209,329,0.3464874684810638,0.36372176,-0.017234289646148704
2023-11-26 12:00:00,0.30164638,330,0.33785771429538725,0.36978522,-0.031927505135536216
2023-11-27 12:00:00,0.306513,331,0.33181857466697695,0.3540092,-0.02219063639640806
2023-11-28 12:00:00,0.38605866,332,0.33259303867816925,0.3752758,-0.04268275201320648
2023-11-29 12:00:00,0.41961107,333,0.33804996907711027,0.37872198,-0.04067201316356661
2023-11-30 12:00:00,0.39185506,334,0.34167696833610534,0.36825508,-0.026578110456466686
2023-12-01 12:00:00,0.41793662,335,0.34924821853637694,0.4031116,-0.05386338829994203
2023-12-02 12:00:00,0.3978647,336,0.35549862384796144,0.38178217,-0.02628355026245116
2023-12-03 12:00:00,0.3786545,337,0.3605923056602478,0.35388464,0.006707668304443359
2023-12-04 12:00:00,0.45709828,338,0.3765459179878235,0.386739,-0.010193067789077748
2023-12-05 12:00:00,0.37806794,339,0.38353062272071836,0.37170398,0.011826640367507912
2023-12-06 12:00:00,0.4143337,340,0.39479935467243193,0.38722318,0.007576170563697804
2023-12-07 12:00:00,0.42071053,341,0.4062191069126129,0.3632648,0.042954307794570934
2023-12-08 12:00:00,0.42646876,342,0.4102601170539856,0.36811972,0.042140400409698464
2023-12-09 12:00:00,0.46640155,343,0.41493916511535645,0.37827137,0.03666779398918152
2023-12-10 12:00:00,0.46934715,344,0.4226883739233017,0.36332893,0.059359440207481406
2023-12-11 12:00:00,0.41478738,345,0.42237344980239866,0.39113528,0.03123817443847654
2023-12-12 12:00:00,0.43002224,346,0.4255892038345337,0.3816224,0.04396679997444153
2023-12-13 12:00:00,0.39695266,347,0.4274190187454224,0.39665878,0.03076024055480958
2023-12-14 12:00:00,0.3809722,348,0.41980641186237333,0.36300632,0.05680008828639982
2023-12-15 12:00:00,0.35034177,349,0.41703379452228545,0.39022985,0.026803943514823902
2023-12-16 12:00:00,0.37523437,350,0.41312386095523834,0.37832853,0.034795328974723816
2023-12-17 12:00:00,0.36846507,351,0.4078993141651154,0.387156,0.020743304491043113
2023-12-18 12:00:00,0.3587455,352,0.40112698674201963,0.3737697,0.02735728621482847
2023-12-19 12:00:00,0.3488661,353,0.389373442530632,0.3839858,0.00538765490055082
2023-12-20 12:00:00,0.3754243,354,0.37998115718364717,0.4497578,-0.06977665722370147
2023-12-21 12:00:00,0.36190102,355,0.3746925204992294,0.4269549,-0.05226237475872042
2023-12-22 12:00:00,0.3620649,356,0.3678967863321304,0.42391795,-0.056021162867546104
2023-12-23 12:00:00,0.32448554,357,0.3606500744819641,0.40459636,-0.04394628405570983
2023-12-24 12:00:00,0.33240318,358,0.355793172121048,0.41222954,-0.05643636584281919
2023-12-25 12:00:00,0.3293672,359,0.3536957144737244,0.42910507,-0.07540935873985288
2023-12-26 12:00:00,0.35752773,360,0.35192505121231077,0.40299073,-0.05106567740440371
2023-12-27 12:00:00,0.3414729,361,0.34922583401203156,0.40802148,-0.05879564583301544
2023-12-28 12:00:00,0.2945787,362,0.34280915558338165,0.3838836,-0.04107443988323212
2023-12-29 12:00:00,0.34670448,363,0.34259299337863924,0.39591962,-0.05332662761211393
2023-12-30 12:00:00,0.34360626,364,0.33941119015216825,0.39280036,-0.05338917076587679
2023-12-31 12:00:00,0.34135932,365,0.33735702037811277,0.38301083,-0.04565381407737734
